revision	count	stack_root_to_leaf
master	678	herdr::protocol::render_ansi::tests::ansi_instruments_probe::_$u7b$$u7b$closure$u7d$$u7d$;herdr::protocol::render_ansi::BlitEncoder::encode;herdr::protocol::render_ansi::BlitEncoder::encode_inner;herdr::protocol::render_ansi::write_cell;_RNvNtCsdBofyk9Yr2t_5alloc5alloc15dealloc_nonnull;_xzm_free
master	183	herdr::protocol::render_ansi::tests::ansi_instruments_probe::_$u7b$$u7b$closure$u7d$$u7d$;herdr::protocol::render_ansi::BlitEncoder::encode;herdr::protocol::render_ansi::BlitEncoder::encode_inner;herdr::protocol::render_ansi::write_cell;_RNvNtCsdBofyk9Yr2t_5alloc5alloc15dealloc_nonnull;_free
master	125	herdr::protocol::render_ansi::tests::ansi_instruments_probe::_$u7b$$u7b$closure$u7d$$u7d$;herdr::protocol::render_ansi::BlitEncoder::encode;herdr::protocol::render_ansi::BlitEncoder::encode_inner;herdr::protocol::render_ansi::write_cell;alloc::fmt::format::_$u7b$$u7b$closure$u7d$$u7d$;_RNvXs_NvNtNtCsitGFVNq7Ifu_4core3fmt5Write9write_fmtQNtNtCsdBofyk9Yr2t_5alloc6string6StringNtB4_12SpecWriteFmt14spec_write_fmtBS_;_RNvNtCsitGFVNq7Ifu_4core3fmt5write;_RNvMs2_NtCsdBofyk9Yr2t_5alloc7raw_vecNtB5_11RawVecInner7reserveB7_;_RNvMs4_NtCsdBofyk9Yr2t_5alloc7raw_vecNtB5_11RawVecInner14grow_amortizedB7_;_RNvNtCsdBofyk9Yr2t_5alloc5alloc15realloc_nonnull;_realloc;_malloc_zone_realloc;xzm_realloc;_platform_memmove
master	120	herdr::protocol::render_ansi::tests::ansi_instruments_probe::_$u7b$$u7b$closure$u7d$$u7d$;herdr::protocol::render_ansi::BlitEncoder::encode;herdr::protocol::render_ansi::BlitEncoder::encode_inner;herdr::protocol::render_ansi::write_cell;alloc::fmt::format::_$u7b$$u7b$closure$u7d$$u7d$;_RNvXs_NvNtNtCsitGFVNq7Ifu_4core3fmt5Write9write_fmtQNtNtCsdBofyk9Yr2t_5alloc6string6StringNtB4_12SpecWriteFmt14spec_write_fmtBS_;_RNvMNtNtCsitGFVNq7Ifu_4core3fmt2rtNtB2_8Argument3fmt;_RNvMs2_NtCsdBofyk9Yr2t_5alloc7raw_vecNtB5_11RawVecInner7reserveB7_;_RNvMs4_NtCsdBofyk9Yr2t_5alloc7raw_vecNtB5_11RawVecInner14grow_amortizedB7_;_RNvNtCsdBofyk9Yr2t_5alloc5alloc15realloc_nonnull;_realloc;_malloc_zone_realloc;xzm_realloc
master	118	herdr::protocol::render_ansi::tests::ansi_instruments_probe::_$u7b$$u7b$closure$u7d$$u7d$;herdr::protocol::render_ansi::BlitEncoder::encode;herdr::protocol::render_ansi::BlitEncoder::encode_inner;herdr::protocol::render_ansi::write_cell;herdr::protocol::render_ansi::build_sgr;alloc::fmt::format::_$u7b$$u7b$closure$u7d$$u7d$;_RNvXs_NvNtNtCsitGFVNq7Ifu_4core3fmt5Write9write_fmtQNtNtCsdBofyk9Yr2t_5alloc6string6StringNtB4_12SpecWriteFmt14spec_write_fmtBS_;_RNvMNtNtCsitGFVNq7Ifu_4core3fmt2rtNtB2_8Argument3fmt;_RNvMsa_NtNtNtCsitGFVNq7Ifu_4core3fmt3num3impm4__fmt
master	110	herdr::protocol::render_ansi::tests::ansi_instruments_probe::_$u7b$$u7b$closure$u7d$$u7d$;herdr::protocol::render_ansi::BlitEncoder::encode;herdr::protocol::render_ansi::BlitEncoder::encode_inner;herdr::protocol::render_ansi::write_cell;herdr::protocol::render_ansi::build_sgr;herdr::protocol::render_ansi::color_to_sgr_fg
master	104	herdr::protocol::render_ansi::tests::ansi_instruments_probe::_$u7b$$u7b$closure$u7d$$u7d$;herdr::protocol::render_ansi::BlitEncoder::encode;herdr::protocol::render_ansi::BlitEncoder::encode_inner;herdr::protocol::render_ansi::write_cell;alloc::fmt::format::_$u7b$$u7b$closure$u7d$$u7d$;_RNvXs_NvNtNtCsitGFVNq7Ifu_4core3fmt5Write9write_fmtQNtNtCsdBofyk9Yr2t_5alloc6string6StringNtB4_12SpecWriteFmt14spec_write_fmtBS_;_RNvNtCsitGFVNq7Ifu_4core3fmt5write;_RNvMs2_NtCsdBofyk9Yr2t_5alloc7raw_vecNtB5_11RawVecInner7reserveB7_;_RNvMs4_NtCsdBofyk9Yr2t_5alloc7raw_vecNtB5_11RawVecInner14grow_amortizedB7_;_RNvNtCsdBofyk9Yr2t_5alloc5alloc15realloc_nonnull;_realloc;_malloc_zone_realloc;xzm_realloc
master	104	herdr::protocol::render_ansi::tests::ansi_instruments_probe::_$u7b$$u7b$closure$u7d$$u7d$;herdr::protocol::render_ansi::BlitEncoder::encode;herdr::protocol::render_ansi::BlitEncoder::encode_inner;herdr::protocol::render_ansi::write_cell;herdr::protocol::render_ansi::build_sgr;alloc::fmt::format::_$u7b$$u7b$closure$u7d$$u7d$;_RNvXs_NvNtNtCsitGFVNq7Ifu_4core3fmt5Write9write_fmtQNtNtCsdBofyk9Yr2t_5alloc6string6StringNtB4_12SpecWriteFmt14spec_write_fmtBS_;_RNvMNtNtCsitGFVNq7Ifu_4core3fmt2rtNtB2_8Argument3fmt;_RNvXs8_NtNtNtCsitGFVNq7Ifu_4core3fmt3num3impmNtB9_7Display3fmt;_RNvMsa_NtCsitGFVNq7Ifu_4core3fmtNtB5_9Formatter12pad_integral
master	102	herdr::protocol::render_ansi::tests::ansi_instruments_probe::_$u7b$$u7b$closure$u7d$$u7d$;herdr::protocol::render_ansi::BlitEncoder::encode;herdr::protocol::render_ansi::BlitEncoder::encode_inner;herdr::protocol::render_ansi::write_cell;alloc::raw_vec::RawVecInner$LT$A$GT$::reserve;alloc::raw_vec::RawVecInner$LT$A$GT$::grow_amortized;_RNvNtCsdBofyk9Yr2t_5alloc5alloc15realloc_nonnull;_realloc;xzm_malloc_zone_size
master	101	herdr::protocol::render_ansi::tests::ansi_instruments_probe::_$u7b$$u7b$closure$u7d$$u7d$;herdr::protocol::render_ansi::BlitEncoder::encode;herdr::protocol::render_ansi::BlitEncoder::encode_inner;_RNvNtCsdBofyk9Yr2t_5alloc5alloc15dealloc_nonnull;_xzm_free
master	101	herdr::protocol::render_ansi::tests::ansi_instruments_probe::_$u7b$$u7b$closure$u7d$$u7d$;herdr::protocol::render_ansi::BlitEncoder::encode;herdr::protocol::render_ansi::BlitEncoder::encode_inner;herdr::protocol::render_ansi::write_cell;alloc::raw_vec::RawVecInner$LT$A$GT$::reserve;alloc::raw_vec::RawVecInner$LT$A$GT$::grow_amortized;_RNvNtCsdBofyk9Yr2t_5alloc5alloc15realloc_nonnull;_realloc;_malloc_zone_realloc;xzm_realloc
master	97	herdr::protocol::render_ansi::tests::ansi_instruments_probe::_$u7b$$u7b$closure$u7d$$u7d$;herdr::protocol::render_ansi::BlitEncoder::encode;herdr::protocol::render_ansi::BlitEncoder::encode_inner;herdr::protocol::render_ansi::write_cell;_RNvNtCsdBofyk9Yr2t_5alloc5alloc15dealloc_nonnull;DYLD-STUB$$free
master	95	herdr::protocol::render_ansi::tests::ansi_instruments_probe::_$u7b$$u7b$closure$u7d$$u7d$;herdr::protocol::render_ansi::BlitEncoder::encode;herdr::protocol::render_ansi::BlitEncoder::encode_inner;herdr::protocol::render_ansi::write_cell;alloc::fmt::format::_$u7b$$u7b$closure$u7d$$u7d$;_RNvXs_NvNtNtCsitGFVNq7Ifu_4core3fmt5Write9write_fmtQNtNtCsdBofyk9Yr2t_5alloc6string6StringNtB4_12SpecWriteFmt14spec_write_fmtBS_;_RNvMNtNtCsitGFVNq7Ifu_4core3fmt2rtNtB2_8Argument3fmt;_RNvMs2_NtCsdBofyk9Yr2t_5alloc7raw_vecNtB5_11RawVecInner7reserveB7_;_RNvMs4_NtCsdBofyk9Yr2t_5alloc7raw_vecNtB5_11RawVecInner14grow_amortizedB7_;_RNvNtCsdBofyk9Yr2t_5alloc5alloc15realloc_nonnull;_realloc;xzm_malloc_zone_size
master	90	herdr::protocol::render_ansi::tests::ansi_instruments_probe::_$u7b$$u7b$closure$u7d$$u7d$;herdr::protocol::render_ansi::BlitEncoder::encode;herdr::protocol::render_ansi::BlitEncoder::encode_inner;herdr::protocol::render_ansi::write_cell;_RNvNtCsdBofyk9Yr2t_5alloc5alloc5alloc;<deduplicated_symbol>
master	82	herdr::protocol::render_ansi::tests::ansi_instruments_probe::_$u7b$$u7b$closure$u7d$$u7d$;herdr::protocol::render_ansi::BlitEncoder::encode;herdr::protocol::render_ansi::BlitEncoder::encode_inner;herdr::protocol::render_ansi::write_cell;_xzm_free
master	81	herdr::protocol::render_ansi::tests::ansi_instruments_probe::_$u7b$$u7b$closure$u7d$$u7d$;herdr::protocol::render_ansi::BlitEncoder::encode;herdr::protocol::render_ansi::BlitEncoder::encode_inner;herdr::protocol::render_ansi::write_cell;_RNvNtCsdBofyk9Yr2t_5alloc5alloc15dealloc_nonnull;_xzm_free;_platform_memset
master	77	herdr::protocol::render_ansi::tests::ansi_instruments_probe::_$u7b$$u7b$closure$u7d$$u7d$;herdr::protocol::render_ansi::BlitEncoder::encode;herdr::protocol::render_ansi::BlitEncoder::encode_inner;herdr::protocol::render_ansi::write_cell;alloc::fmt::format::_$u7b$$u7b$closure$u7d$$u7d$;_RNvXs_NvNtNtCsitGFVNq7Ifu_4core3fmt5Write9write_fmtQNtNtCsdBofyk9Yr2t_5alloc6string6StringNtB4_12SpecWriteFmt14spec_write_fmtBS_;_RNvMNtNtCsitGFVNq7Ifu_4core3fmt2rtNtB2_8Argument3fmt;_RNvMs2_NtCsdBofyk9Yr2t_5alloc7raw_vecNtB5_11RawVecInner7reserveB7_;_RNvMs4_NtCsdBofyk9Yr2t_5alloc7raw_vecNtB5_11RawVecInner14grow_amortizedB7_;_RNvNtCsdBofyk9Yr2t_5alloc5alloc15realloc_nonnull;_realloc;_malloc_zone_realloc
master	75	herdr::protocol::render_ansi::tests::ansi_instruments_probe::_$u7b$$u7b$closure$u7d$$u7d$;herdr::protocol::render_ansi::BlitEncoder::encode;herdr::protocol::render_ansi::BlitEncoder::encode_inner;herdr::protocol::render_ansi::write_cell;alloc::vec::Vec$LT$T$C$A$GT$::push_mut;_RNvMs4_NtCsdBofyk9Yr2t_5alloc7raw_vecNtB5_11RawVecInner14grow_amortizedCscEX5ZwinSox_3std;_RNvNtCsdBofyk9Yr2t_5alloc5alloc15realloc_nonnull;_realloc;_malloc_zone_realloc;xzm_realloc;_xzm_free
master	73	herdr::protocol::render_ansi::tests::ansi_instruments_probe::_$u7b$$u7b$closure$u7d$$u7d$;herdr::protocol::render_ansi::BlitEncoder::encode;herdr::protocol::render_ansi::BlitEncoder::encode_inner;herdr::protocol::render_ansi::write_cell;_$LT$core..iter..adapters..map..Map$LT$I$C$F$GT$$u20$as$u20$core..iter..traits..iterator..Iterator$GT$::fold;_RNvNtCsdBofyk9Yr2t_5alloc5alloc15dealloc_nonnull;_xzm_free
master	71	herdr::protocol::render_ansi::tests::ansi_instruments_probe::_$u7b$$u7b$closure$u7d$$u7d$;herdr::protocol::render_ansi::BlitEncoder::encode;herdr::protocol::render_ansi::BlitEncoder::encode_inner;herdr::protocol::render_ansi::write_cell;alloc::fmt::format::_$u7b$$u7b$closure$u7d$$u7d$;_RNvXs_NvNtNtCsitGFVNq7Ifu_4core3fmt5Write9write_fmtQNtNtCsdBofyk9Yr2t_5alloc6string6StringNtB4_12SpecWriteFmt14spec_write_fmtBS_;_RNvNtCsitGFVNq7Ifu_4core3fmt5write;_RNvMs2_NtCsdBofyk9Yr2t_5alloc7raw_vecNtB5_11RawVecInner7reserveB7_;_RNvMs4_NtCsdBofyk9Yr2t_5alloc7raw_vecNtB5_11RawVecInner14grow_amortizedB7_;_RNvNtCsdBofyk9Yr2t_5alloc5alloc15realloc_nonnull;_realloc;_malloc_zone_realloc;xzm_realloc;_xzm_free
master	70	herdr::protocol::render_ansi::tests::ansi_instruments_probe::_$u7b$$u7b$closure$u7d$$u7d$;herdr::protocol::render_ansi::BlitEncoder::encode;herdr::protocol::render_ansi::BlitEncoder::encode_inner;unicode_width::tables::str_width;core::iter::traits::double_ended::DoubleEndedIterator::rfold
master	67	herdr::protocol::render_ansi::tests::ansi_instruments_probe::_$u7b$$u7b$closure$u7d$$u7d$;herdr::protocol::render_ansi::BlitEncoder::encode;herdr::protocol::render_ansi::BlitEncoder::encode_inner;herdr::protocol::render_ansi::write_cell;alloc::fmt::format::_$u7b$$u7b$closure$u7d$$u7d$;_RNvXs_NvNtNtCsitGFVNq7Ifu_4core3fmt5Write9write_fmtQNtNtCsdBofyk9Yr2t_5alloc6string6StringNtB4_12SpecWriteFmt14spec_write_fmtBS_;_RNvNtCsitGFVNq7Ifu_4core3fmt5write;_RNvMs2_NtCsdBofyk9Yr2t_5alloc7raw_vecNtB5_11RawVecInner7reserveB7_;_RNvMs4_NtCsdBofyk9Yr2t_5alloc7raw_vecNtB5_11RawVecInner14grow_amortizedB7_;_RNvNtCsdBofyk9Yr2t_5alloc5alloc15realloc_nonnull;_realloc;_malloc_zone_realloc
master	67	herdr::protocol::render_ansi::tests::ansi_instruments_probe::_$u7b$$u7b$closure$u7d$$u7d$;herdr::protocol::render_ansi::BlitEncoder::encode;herdr::protocol::render_ansi::BlitEncoder::encode_inner;herdr::protocol::render_ansi::write_cell;alloc::raw_vec::RawVecInner$LT$A$GT$::reserve;alloc::raw_vec::RawVecInner$LT$A$GT$::grow_amortized;_RNvNtCsdBofyk9Yr2t_5alloc5alloc15realloc_nonnull;_realloc;_malloc_zone_realloc;xzm_realloc;_xzm_free
master	66	herdr::protocol::render_ansi::tests::ansi_instruments_probe::_$u7b$$u7b$closure$u7d$$u7d$;herdr::protocol::render_ansi::BlitEncoder::encode;herdr::protocol::render_ansi::BlitEncoder::encode_inner;herdr::protocol::render_ansi::write_cell;alloc::vec::Vec$LT$T$C$A$GT$::push_mut;_RNvMs4_NtCsdBofyk9Yr2t_5alloc7raw_vecNtB5_11RawVecInner14grow_amortizedCscEX5ZwinSox_3std;_RNvNtCsdBofyk9Yr2t_5alloc5alloc15realloc_nonnull;_realloc;_malloc_zone_realloc;xzm_realloc
master	66	herdr::protocol::render_ansi::tests::ansi_instruments_probe::_$u7b$$u7b$closure$u7d$$u7d$;herdr::protocol::render_ansi::BlitEncoder::encode;herdr::protocol::render_ansi::BlitEncoder::encode_inner;herdr::protocol::render_ansi::write_cell;herdr::protocol::render_ansi::build_sgr;herdr::protocol::render_ansi::modifier_to_sgr_parts
master	65	herdr::protocol::render_ansi::tests::ansi_instruments_probe::_$u7b$$u7b$closure$u7d$$u7d$;herdr::protocol::render_ansi::BlitEncoder::encode;herdr::protocol::render_ansi::BlitEncoder::encode_inner;herdr::protocol::render_ansi::write_cell;alloc::fmt::format::_$u7b$$u7b$closure$u7d$$u7d$;_RNvXs_NvNtNtCsitGFVNq7Ifu_4core3fmt5Write9write_fmtQNtNtCsdBofyk9Yr2t_5alloc6string6StringNtB4_12SpecWriteFmt14spec_write_fmtBS_;_RNvNtCsitGFVNq7Ifu_4core3fmt5write;_RNvMs2_NtCsdBofyk9Yr2t_5alloc7raw_vecNtB5_11RawVecInner7reserveB7_;_RNvMs4_NtCsdBofyk9Yr2t_5alloc7raw_vecNtB5_11RawVecInner14grow_amortizedB7_;_RNvNtCsdBofyk9Yr2t_5alloc5alloc15realloc_nonnull;_realloc;xzm_malloc_zone_size
master	64	herdr::protocol::render_ansi::tests::ansi_instruments_probe::_$u7b$$u7b$closure$u7d$$u7d$;herdr::protocol::render_ansi::BlitEncoder::encode;herdr::protocol::render_ansi::BlitEncoder::encode_inner;herdr::protocol::render_ansi::write_cell;herdr::protocol::render_ansi::build_sgr;alloc::fmt::format::_$u7b$$u7b$closure$u7d$$u7d$;_RNvNtCsdBofyk9Yr2t_5alloc5alloc5alloc;<deduplicated_symbol>
master	62	herdr::protocol::render_ansi::tests::ansi_instruments_probe::_$u7b$$u7b$closure$u7d$$u7d$;herdr::protocol::render_ansi::BlitEncoder::encode;herdr::protocol::render_ansi::BlitEncoder::encode_inner;herdr::protocol::render_ansi::write_cell;_RNvNtCsdBofyk9Yr2t_5alloc5alloc5alloc;_malloc_zone_malloc
master	61	herdr::protocol::render_ansi::tests::ansi_instruments_probe::_$u7b$$u7b$closure$u7d$$u7d$;herdr::protocol::render_ansi::BlitEncoder::encode;herdr::protocol::render_ansi::BlitEncoder::encode_inner;herdr::protocol::render_ansi::write_cell;_$LT$alloc..raw_vec..RawVec$LT$T$C$A$GT$$u20$as$u20$core..ops..drop..Drop$GT$::drop
master	59	herdr::protocol::render_ansi::tests::ansi_instruments_probe::_$u7b$$u7b$closure$u7d$$u7d$;herdr::protocol::render_ansi::BlitEncoder::encode;herdr::protocol::render_ansi::BlitEncoder::encode_inner;herdr::protocol::render_ansi::write_cell;_$LT$core..iter..adapters..map..Map$LT$I$C$F$GT$$u20$as$u20$core..iter..traits..iterator..Iterator$GT$::fold;_RNvNtCsdBofyk9Yr2t_5alloc5alloc5alloc;_malloc_zone_malloc
master	59	herdr::protocol::render_ansi::tests::ansi_instruments_probe::_$u7b$$u7b$closure$u7d$$u7d$;herdr::protocol::render_ansi::BlitEncoder::encode;herdr::protocol::render_ansi::BlitEncoder::encode_inner;herdr::protocol::render_ansi::write_cell;alloc::fmt::format::_$u7b$$u7b$closure$u7d$$u7d$;_RNvXs_NvNtNtCsitGFVNq7Ifu_4core3fmt5Write9write_fmtQNtNtCsdBofyk9Yr2t_5alloc6string6StringNtB4_12SpecWriteFmt14spec_write_fmtBS_;_RNvMNtNtCsitGFVNq7Ifu_4core3fmt2rtNtB2_8Argument3fmt;_RNvMs2_NtCsdBofyk9Yr2t_5alloc7raw_vecNtB5_11RawVecInner7reserveB7_;_RNvMs4_NtCsdBofyk9Yr2t_5alloc7raw_vecNtB5_11RawVecInner14grow_amortizedB7_;_RNvNtCsdBofyk9Yr2t_5alloc5alloc15realloc_nonnull;_realloc;_malloc_zone_realloc;xzm_realloc;_xzm_free
master	58	herdr::protocol::render_ansi::tests::ansi_instruments_probe::_$u7b$$u7b$closure$u7d$$u7d$;herdr::protocol::render_ansi::BlitEncoder::encode;herdr::protocol::render_ansi::BlitEncoder::encode_inner;herdr::protocol::render_ansi::write_cell;alloc::fmt::format::_$u7b$$u7b$closure$u7d$$u7d$;_RNvXs_NvNtNtCsitGFVNq7Ifu_4core3fmt5Write9write_fmtQNtNtCsdBofyk9Yr2t_5alloc6string6StringNtB4_12SpecWriteFmt14spec_write_fmtBS_;_RNvMNtNtCsitGFVNq7Ifu_4core3fmt2rtNtB2_8Argument3fmt;_RNvMs2_NtCsdBofyk9Yr2t_5alloc7raw_vecNtB5_11RawVecInner7reserveB7_;_RNvMs4_NtCsdBofyk9Yr2t_5alloc7raw_vecNtB5_11RawVecInner14grow_amortizedB7_;_RNvNtCsdBofyk9Yr2t_5alloc5alloc15realloc_nonnull;_realloc
master	58	herdr::protocol::render_ansi::tests::ansi_instruments_probe::_$u7b$$u7b$closure$u7d$$u7d$;herdr::protocol::render_ansi::BlitEncoder::encode;herdr::protocol::render_ansi::BlitEncoder::encode_inner;herdr::protocol::render_ansi::write_cell;alloc::vec::Vec$LT$T$C$A$GT$::push_mut;_RNvMs4_NtCsdBofyk9Yr2t_5alloc7raw_vecNtB5_11RawVecInner14grow_amortizedCscEX5ZwinSox_3std;_RNvNtCsdBofyk9Yr2t_5alloc5alloc15realloc_nonnull;_realloc;xzm_malloc_zone_size
master	58	herdr::protocol::render_ansi::tests::ansi_instruments_probe::_$u7b$$u7b$closure$u7d$$u7d$;herdr::protocol::render_ansi::BlitEncoder::encode;herdr::protocol::render_ansi::BlitEncoder::encode_inner;herdr::protocol::render_ansi::write_cell;herdr::protocol::render_ansi::build_sgr;alloc::raw_vec::RawVecInner$LT$A$GT$::try_allocate_in
master	57	herdr::protocol::render_ansi::tests::ansi_instruments_probe::_$u7b$$u7b$closure$u7d$$u7d$;herdr::protocol::render_ansi::BlitEncoder::encode;herdr::protocol::render_ansi::BlitEncoder::encode_inner;herdr::protocol::render_ansi::write_cell;herdr::protocol::render_ansi::build_sgr;alloc::fmt::format::_$u7b$$u7b$closure$u7d$$u7d$;_RNvXs_NvNtNtCsitGFVNq7Ifu_4core3fmt5Write9write_fmtQNtNtCsdBofyk9Yr2t_5alloc6string6StringNtB4_12SpecWriteFmt14spec_write_fmtBS_;_RNvMNtNtCsitGFVNq7Ifu_4core3fmt2rtNtB2_8Argument3fmt;_RNvXs8_NtNtNtCsitGFVNq7Ifu_4core3fmt3num3impmNtB9_7Display3fmt;_RNvMs2_NtCsdBofyk9Yr2t_5alloc7raw_vecNtB5_11RawVecInner7reserveB7_;_RNvMs4_NtCsdBofyk9Yr2t_5alloc7raw_vecNtB5_11RawVecInner14grow_amortizedB7_;_RNvNtCsdBofyk9Yr2t_5alloc5alloc15realloc_nonnull;_realloc;_malloc_zone_realloc;xzm_realloc
master	56	herdr::protocol::render_ansi::tests::ansi_instruments_probe::_$u7b$$u7b$closure$u7d$$u7d$;herdr::protocol::render_ansi::BlitEncoder::encode;herdr::protocol::render_ansi::BlitEncoder::encode_inner;herdr::protocol::render_ansi::write_cell;_$LT$core..iter..adapters..map..Map$LT$I$C$F$GT$$u20$as$u20$core..iter..traits..iterator..Iterator$GT$::fold;_RNvNtCsdBofyk9Yr2t_5alloc5alloc5alloc;<deduplicated_symbol>
master	54	herdr::protocol::render_ansi::tests::ansi_instruments_probe::_$u7b$$u7b$closure$u7d$$u7d$;herdr::protocol::render_ansi::BlitEncoder::encode;herdr::protocol::render_ansi::BlitEncoder::encode_inner;herdr::protocol::render_ansi::write_cell;_$LT$core..iter..adapters..map..Map$LT$I$C$F$GT$$u20$as$u20$core..iter..traits..iterator..Iterator$GT$::fold;_RNvNtCsdBofyk9Yr2t_5alloc5alloc5alloc;_xzm_xzone_malloc
master	54	herdr::protocol::render_ansi::tests::ansi_instruments_probe::_$u7b$$u7b$closure$u7d$$u7d$;herdr::protocol::render_ansi::BlitEncoder::encode;herdr::protocol::render_ansi::BlitEncoder::encode_inner;herdr::protocol::render_ansi::write_cell;_RNvNtCsdBofyk9Yr2t_5alloc5alloc5alloc;_xzm_xzone_malloc
master	53	herdr::protocol::render_ansi::tests::ansi_instruments_probe::_$u7b$$u7b$closure$u7d$$u7d$;herdr::protocol::render_ansi::BlitEncoder::encode;herdr::protocol::render_ansi::BlitEncoder::encode_inner;herdr::protocol::render_ansi::write_cell;herdr::protocol::render_ansi::build_sgr;alloc::fmt::format::_$u7b$$u7b$closure$u7d$$u7d$;_RNvXs_NvNtNtCsitGFVNq7Ifu_4core3fmt5Write9write_fmtQNtNtCsdBofyk9Yr2t_5alloc6string6StringNtB4_12SpecWriteFmt14spec_write_fmtBS_;_RNvNtCsitGFVNq7Ifu_4core3fmt5write
master	51	herdr::protocol::render_ansi::tests::ansi_instruments_probe::_$u7b$$u7b$closure$u7d$$u7d$;herdr::protocol::render_ansi::BlitEncoder::encode;herdr::protocol::render_ansi::BlitEncoder::encode_inner;herdr::protocol::render_ansi::write_cell;herdr::protocol::render_ansi::build_sgr;alloc::fmt::format::_$u7b$$u7b$closure$u7d$$u7d$;_RNvNtCsdBofyk9Yr2t_5alloc5alloc5alloc;_xzm_xzone_malloc
master	51	herdr::protocol::render_ansi::tests::ansi_instruments_probe::_$u7b$$u7b$closure$u7d$$u7d$;herdr::protocol::render_ansi::BlitEncoder::encode;herdr::protocol::render_ansi::BlitEncoder::encode_inner;herdr::protocol::render_ansi::write_cell;herdr::protocol::render_ansi::build_sgr;alloc::fmt::format::_$u7b$$u7b$closure$u7d$$u7d$;_RNvXs_NvNtNtCsitGFVNq7Ifu_4core3fmt5Write9write_fmtQNtNtCsdBofyk9Yr2t_5alloc6string6StringNtB4_12SpecWriteFmt14spec_write_fmtBS_;_RNvMNtNtCsitGFVNq7Ifu_4core3fmt2rtNtB2_8Argument3fmt;_RNvMsa_NtNtNtCsitGFVNq7Ifu_4core3fmt3num3impm10__fmt_inner
master	49	herdr::protocol::render_ansi::tests::ansi_instruments_probe::_$u7b$$u7b$closure$u7d$$u7d$;herdr::protocol::render_ansi::BlitEncoder::encode;herdr::protocol::render_ansi::BlitEncoder::encode_inner;core::iter::traits::double_ended::DoubleEndedIterator::rfold
master	47	herdr::protocol::render_ansi::tests::ansi_instruments_probe::_$u7b$$u7b$closure$u7d$$u7d$;herdr::protocol::render_ansi::BlitEncoder::encode;herdr::protocol::render_ansi::BlitEncoder::encode_inner;herdr::protocol::render_ansi::write_cell;alloc::raw_vec::RawVecInner$LT$A$GT$::reserve;alloc::raw_vec::RawVecInner$LT$A$GT$::grow_amortized;_RNvNtCsdBofyk9Yr2t_5alloc5alloc15realloc_nonnull;_realloc;_malloc_zone_realloc
master	45	herdr::protocol::render_ansi::tests::ansi_instruments_probe::_$u7b$$u7b$closure$u7d$$u7d$;herdr::protocol::render_ansi::BlitEncoder::encode;herdr::protocol::render_ansi::BlitEncoder::encode_inner;herdr::protocol::render_ansi::write_cell;alloc::fmt::format::_$u7b$$u7b$closure$u7d$$u7d$;_RNvNtCsdBofyk9Yr2t_5alloc5alloc5alloc;<deduplicated_symbol>
master	45	herdr::protocol::render_ansi::tests::ansi_instruments_probe::_$u7b$$u7b$closure$u7d$$u7d$;herdr::protocol::render_ansi::BlitEncoder::encode;herdr::protocol::render_ansi::BlitEncoder::encode_inner;herdr::protocol::render_ansi::write_cell;alloc::str::_$LT$impl$u20$alloc..slice..Join$LT$$RF$str$GT$$u20$for$u20$$u5b$S$u5d$$GT$::join;_RNvNtCsdBofyk9Yr2t_5alloc5alloc5alloc;_xzm_xzone_malloc
master	44	herdr::protocol::render_ansi::tests::ansi_instruments_probe::_$u7b$$u7b$closure$u7d$$u7d$;herdr::protocol::render_ansi::BlitEncoder::encode;herdr::protocol::render_ansi::BlitEncoder::encode_inner;unicode_width::tables::str_width;core::str::validations::next_code_point_reverse
master	42	herdr::protocol::render_ansi::tests::ansi_instruments_probe::_$u7b$$u7b$closure$u7d$$u7d$;herdr::protocol::render_ansi::BlitEncoder::encode;herdr::protocol::render_ansi::BlitEncoder::encode_inner;herdr::protocol::render_ansi::write_cell;alloc::fmt::format::_$u7b$$u7b$closure$u7d$$u7d$;_RNvNtCsdBofyk9Yr2t_5alloc5alloc5alloc;_malloc_zone_malloc
master	41	herdr::protocol::render_ansi::tests::ansi_instruments_probe::_$u7b$$u7b$closure$u7d$$u7d$;herdr::protocol::render_ansi::BlitEncoder::encode;herdr::protocol::render_ansi::BlitEncoder::encode_inner;herdr::protocol::render_ansi::write_cell;alloc::fmt::format::_$u7b$$u7b$closure$u7d$$u7d$;_RNvXs_NvNtNtCsitGFVNq7Ifu_4core3fmt5Write9write_fmtQNtNtCsdBofyk9Yr2t_5alloc6string6StringNtB4_12SpecWriteFmt14spec_write_fmtBS_;_RNvNtCsitGFVNq7Ifu_4core3fmt5write;_RNvMs2_NtCsdBofyk9Yr2t_5alloc7raw_vecNtB5_11RawVecInner7reserveB7_;_RNvMs4_NtCsdBofyk9Yr2t_5alloc7raw_vecNtB5_11RawVecInner14grow_amortizedB7_;_RNvNtCsdBofyk9Yr2t_5alloc5alloc15realloc_nonnull;_realloc;_malloc_zone_realloc;xzm_realloc;_xzm_free;_platform_memset
master	41	herdr::protocol::render_ansi::tests::ansi_instruments_probe::_$u7b$$u7b$closure$u7d$$u7d$;herdr::protocol::render_ansi::BlitEncoder::encode;herdr::protocol::render_ansi::BlitEncoder::encode_inner;herdr::protocol::render_ansi::write_cell;herdr::protocol::render_ansi::build_sgr;alloc::fmt::format::_$u7b$$u7b$closure$u7d$$u7d$;_RNvXs_NvNtNtCsitGFVNq7Ifu_4core3fmt5Write9write_fmtQNtNtCsdBofyk9Yr2t_5alloc6string6StringNtB4_12SpecWriteFmt14spec_write_fmtBS_;_RNvMNtNtCsitGFVNq7Ifu_4core3fmt2rtNtB2_8Argument3fmt;_RNvXs8_NtNtNtCsitGFVNq7Ifu_4core3fmt3num3impmNtB9_7Display3fmt;_RNvMs2_NtCsdBofyk9Yr2t_5alloc7raw_vecNtB5_11RawVecInner7reserveB7_;_RNvMs4_NtCsdBofyk9Yr2t_5alloc7raw_vecNtB5_11RawVecInner14grow_amortizedB7_;_RNvNtCsdBofyk9Yr2t_5alloc5alloc15realloc_nonnull;_realloc;xzm_malloc_zone_size
master	41	herdr::protocol::render_ansi::tests::ansi_instruments_probe::_$u7b$$u7b$closure$u7d$$u7d$;herdr::protocol::render_ansi::BlitEncoder::encode;herdr::protocol::render_ansi::BlitEncoder::encode_inner;herdr::protocol::render_ansi::write_cell;herdr::protocol::render_ansi::build_sgr;alloc::fmt::format::_$u7b$$u7b$closure$u7d$$u7d$;_RNvXs_NvNtNtCsitGFVNq7Ifu_4core3fmt5Write9write_fmtQNtNtCsdBofyk9Yr2t_5alloc6string6StringNtB4_12SpecWriteFmt14spec_write_fmtBS_;_RNvNtCsitGFVNq7Ifu_4core3fmt5write;_RNvMs2_NtCsdBofyk9Yr2t_5alloc7raw_vecNtB5_11RawVecInner8capacityB7_
master	40	herdr::protocol::render_ansi::tests::ansi_instruments_probe::_$u7b$$u7b$closure$u7d$$u7d$;herdr::protocol::render_ansi::BlitEncoder::encode;herdr::protocol::render_ansi::BlitEncoder::encode_inner;herdr::protocol::render_ansi::write_cell;_RNvNtCsdBofyk9Yr2t_5alloc5alloc5alloc;_RNvCs4SDFJOLwvtW_7___rustc11___rdl_alloc
master	40	herdr::protocol::render_ansi::tests::ansi_instruments_probe::_$u7b$$u7b$closure$u7d$$u7d$;herdr::protocol::render_ansi::BlitEncoder::encode;herdr::protocol::render_ansi::BlitEncoder::encode_inner;herdr::protocol::render_ansi::write_cell;alloc::raw_vec::RawVecInner$LT$A$GT$::reserve;alloc::raw_vec::RawVecInner$LT$A$GT$::grow_amortized;_RNvNtCsdBofyk9Yr2t_5alloc5alloc15realloc_nonnull;_realloc
master	40	herdr::protocol::render_ansi::tests::ansi_instruments_probe::_$u7b$$u7b$closure$u7d$$u7d$;herdr::protocol::render_ansi::BlitEncoder::encode;herdr::protocol::render_ansi::BlitEncoder::encode_inner;herdr::protocol::render_ansi::write_cell;herdr::protocol::render_ansi::build_sgr;alloc::fmt::format::_$u7b$$u7b$closure$u7d$$u7d$;_RNvNtCsdBofyk9Yr2t_5alloc5alloc5alloc;_malloc_zone_malloc
master	39	herdr::protocol::render_ansi::tests::ansi_instruments_probe::_$u7b$$u7b$closure$u7d$$u7d$;herdr::protocol::render_ansi::BlitEncoder::encode;herdr::protocol::render_ansi::BlitEncoder::encode_inner;herdr::protocol::render_ansi::write_cell;herdr::protocol::render_ansi::build_sgr;alloc::fmt::format::_$u7b$$u7b$closure$u7d$$u7d$;_RNvXs_NvNtNtCsitGFVNq7Ifu_4core3fmt5Write9write_fmtQNtNtCsdBofyk9Yr2t_5alloc6string6StringNtB4_12SpecWriteFmt14spec_write_fmtBS_;_RNvMNtNtCsitGFVNq7Ifu_4core3fmt2rtNtB2_8Argument3fmt;_RNvXs8_NtNtNtCsitGFVNq7Ifu_4core3fmt3num3impmNtB9_7Display3fmt
master	38	herdr::protocol::render_ansi::tests::ansi_instruments_probe::_$u7b$$u7b$closure$u7d$$u7d$;herdr::protocol::render_ansi::BlitEncoder::encode;herdr::protocol::render_ansi::BlitEncoder::encode_inner;herdr::protocol::render_ansi::write_cell;alloc::raw_vec::RawVecInner$LT$A$GT$::reserve;alloc::raw_vec::RawVecInner$LT$A$GT$::grow_amortized;_RNvNtCsdBofyk9Yr2t_5alloc5alloc15realloc_nonnull;_realloc;_malloc_zone_realloc;xzm_realloc;_xzm_xzone_malloc
master	37	herdr::protocol::render_ansi::tests::ansi_instruments_probe::_$u7b$$u7b$closure$u7d$$u7d$;herdr::protocol::render_ansi::BlitEncoder::encode;herdr::protocol::render_ansi::BlitEncoder::encode_inner;herdr::protocol::render_ansi::write_cell;alloc::str::_$LT$impl$u20$alloc..slice..Join$LT$$RF$str$GT$$u20$for$u20$$u5b$S$u5d$$GT$::join;_RNvNtCsdBofyk9Yr2t_5alloc5alloc5alloc;<deduplicated_symbol>
master	37	herdr::protocol::render_ansi::tests::ansi_instruments_probe::_$u7b$$u7b$closure$u7d$$u7d$;herdr::protocol::render_ansi::BlitEncoder::encode;herdr::protocol::render_ansi::BlitEncoder::encode_inner;herdr::protocol::render_ansi::write_cell;alloc::str::_$LT$impl$u20$alloc..slice..Join$LT$$RF$str$GT$$u20$for$u20$$u5b$S$u5d$$GT$::join;_RNvNtCsdBofyk9Yr2t_5alloc5alloc5alloc;_malloc_zone_malloc
master	36	herdr::protocol::render_ansi::tests::ansi_instruments_probe::_$u7b$$u7b$closure$u7d$$u7d$;herdr::protocol::render_ansi::BlitEncoder::encode;herdr::protocol::render_ansi::BlitEncoder::encode_inner;herdr::protocol::render_ansi::write_cell;herdr::protocol::render_ansi::build_sgr;alloc::fmt::format::_$u7b$$u7b$closure$u7d$$u7d$;_RNvNtCsitGFVNq7Ifu_4core3fmt5write
master	36	herdr::protocol::render_ansi::tests::ansi_instruments_probe::_$u7b$$u7b$closure$u7d$$u7d$;herdr::protocol::render_ansi::BlitEncoder::encode;herdr::protocol::render_ansi::BlitEncoder::encode_inner;herdr::protocol::render_ansi::write_changed_cells
master	35	herdr::protocol::render_ansi::tests::ansi_instruments_probe::_$u7b$$u7b$closure$u7d$$u7d$;herdr::protocol::render_ansi::BlitEncoder::encode;herdr::protocol::render_ansi::BlitEncoder::encode_inner;herdr::protocol::render_ansi::write_cell;alloc::raw_vec::RawVecInner$LT$A$GT$::reserve;alloc::raw_vec::RawVecInner$LT$A$GT$::grow_amortized;_RNvNtCsdBofyk9Yr2t_5alloc5alloc15realloc_nonnull;_realloc;_malloc_zone_realloc;xzm_realloc;_platform_memmove
master	35	herdr::protocol::render_ansi::tests::ansi_instruments_probe::_$u7b$$u7b$closure$u7d$$u7d$;herdr::protocol::render_ansi::BlitEncoder::encode;herdr::protocol::render_ansi::BlitEncoder::encode_inner;herdr::protocol::render_ansi::write_cell;herdr::protocol::render_ansi::build_sgr;alloc::fmt::format::_$u7b$$u7b$closure$u7d$$u7d$;_RINvNtCsitGFVNq7Ifu_4core3ptr4readhECsdBofyk9Yr2t_5alloc
master	34	herdr::protocol::render_ansi::tests::ansi_instruments_probe::_$u7b$$u7b$closure$u7d$$u7d$;herdr::protocol::render_ansi::BlitEncoder::encode;herdr::protocol::render_ansi::BlitEncoder::encode_inner;herdr::protocol::render_ansi::write_cell;alloc::fmt::format::_$u7b$$u7b$closure$u7d$$u7d$;_RNvNvNtCsdBofyk9Yr2t_5alloc3fmt6format12format_inner
master	34	herdr::protocol::render_ansi::tests::ansi_instruments_probe::_$u7b$$u7b$closure$u7d$$u7d$;herdr::protocol::render_ansi::BlitEncoder::encode;herdr::protocol::render_ansi::BlitEncoder::encode_inner;herdr::protocol::render_ansi::write_cell;alloc::raw_vec::RawVecInner$LT$A$GT$::reserve;alloc::raw_vec::RawVecInner$LT$A$GT$::grow_amortized;_RNvNtCsdBofyk9Yr2t_5alloc5alloc15realloc_nonnull;_realloc;_malloc_zone_realloc;xzm_realloc;<deduplicated_symbol>
master	34	herdr::protocol::render_ansi::tests::ansi_instruments_probe::_$u7b$$u7b$closure$u7d$$u7d$;herdr::protocol::render_ansi::BlitEncoder::encode;herdr::protocol::render_ansi::BlitEncoder::encode_inner;herdr::protocol::render_ansi::write_cell;alloc::str::_$LT$impl$u20$alloc..slice..Join$LT$$RF$str$GT$$u20$for$u20$$u5b$S$u5d$$GT$::join;alloc::str::join_generic_copy
master	33	herdr::protocol::render_ansi::tests::ansi_instruments_probe::_$u7b$$u7b$closure$u7d$$u7d$;herdr::protocol::render_ansi::BlitEncoder::encode;herdr::protocol::render_ansi::BlitEncoder::encode_inner;herdr::protocol::render_ansi::write_cell;alloc::fmt::format::_$u7b$$u7b$closure$u7d$$u7d$;_RNvNtCsdBofyk9Yr2t_5alloc5alloc5alloc;_xzm_xzone_malloc
master	33	herdr::protocol::render_ansi::tests::ansi_instruments_probe::_$u7b$$u7b$closure$u7d$$u7d$;herdr::protocol::render_ansi::BlitEncoder::encode;herdr::protocol::render_ansi::BlitEncoder::encode_inner;herdr::protocol::render_ansi::write_cell;alloc::raw_vec::RawVecInner$LT$A$GT$::non_null
master	31	herdr::protocol::render_ansi::tests::ansi_instruments_probe::_$u7b$$u7b$closure$u7d$$u7d$;herdr::protocol::render_ansi::BlitEncoder::encode;herdr::protocol::render_ansi::BlitEncoder::encode_inner;herdr::protocol::render_ansi::write_cell;alloc::str::_$LT$impl$u20$alloc..slice..Join$LT$$RF$str$GT$$u20$for$u20$$u5b$S$u5d$$GT$::join;core::ptr::copy_nonoverlapping;compiler_rt.memcpy.copyLessThan16
master	31	herdr::protocol::render_ansi::tests::ansi_instruments_probe::_$u7b$$u7b$closure$u7d$$u7d$;herdr::protocol::render_ansi::BlitEncoder::encode;herdr::protocol::render_ansi::BlitEncoder::encode_inner;herdr::protocol::render_ansi::write_cell;herdr::protocol::render_ansi::build_sgr;_RNvNtCsdBofyk9Yr2t_5alloc5alloc5alloc;<deduplicated_symbol>
master	31	herdr::protocol::render_ansi::tests::ansi_instruments_probe::_$u7b$$u7b$closure$u7d$$u7d$;herdr::protocol::render_ansi::BlitEncoder::encode;herdr::protocol::render_ansi::BlitEncoder::encode_inner;herdr::protocol::render_ansi::write_cell;herdr::protocol::render_ansi::build_sgr;alloc::vec::Vec$LT$T$C$A$GT$::push_mut;alloc::raw_vec::RawVecInner$LT$A$GT$::grow_amortized;_RNvNtCsdBofyk9Yr2t_5alloc5alloc5alloc;_xzm_xzone_malloc
master	30	herdr::protocol::render_ansi::tests::ansi_instruments_probe::_$u7b$$u7b$closure$u7d$$u7d$;herdr::protocol::render_ansi::BlitEncoder::encode;herdr::protocol::render_ansi::BlitEncoder::encode_inner;herdr::protocol::render_ansi::write_cell;alloc::fmt::format::_$u7b$$u7b$closure$u7d$$u7d$;_RNvXs_NvNtNtCsitGFVNq7Ifu_4core3fmt5Write9write_fmtQNtNtCsdBofyk9Yr2t_5alloc6string6StringNtB4_12SpecWriteFmt14spec_write_fmtBS_;_RNvNtCsitGFVNq7Ifu_4core3fmt5write
master	30	herdr::protocol::render_ansi::tests::ansi_instruments_probe::_$u7b$$u7b$closure$u7d$$u7d$;herdr::protocol::render_ansi::BlitEncoder::encode;herdr::protocol::render_ansi::BlitEncoder::encode_inner;herdr::protocol::render_ansi::write_cell;alloc::fmt::format::_$u7b$$u7b$closure$u7d$$u7d$;_RNvXs_NvNtNtCsitGFVNq7Ifu_4core3fmt5Write9write_fmtQNtNtCsdBofyk9Yr2t_5alloc6string6StringNtB4_12SpecWriteFmt14spec_write_fmtBS_;_RNvNtCsitGFVNq7Ifu_4core3fmt5write;_RNvMs2_NtCsdBofyk9Yr2t_5alloc7raw_vecNtB5_11RawVecInner7reserveB7_;_RNvMs4_NtCsdBofyk9Yr2t_5alloc7raw_vecNtB5_11RawVecInner14grow_amortizedB7_;_RNvNtCsdBofyk9Yr2t_5alloc5alloc15realloc_nonnull;_realloc
master	30	herdr::protocol::render_ansi::tests::ansi_instruments_probe::_$u7b$$u7b$closure$u7d$$u7d$;herdr::protocol::render_ansi::BlitEncoder::encode;herdr::protocol::render_ansi::BlitEncoder::encode_inner;herdr::protocol::render_ansi::write_cell;herdr::protocol::render_ansi::build_sgr;alloc::fmt::format::_$u7b$$u7b$closure$u7d$$u7d$;_RNvXs_NvNtNtCsitGFVNq7Ifu_4core3fmt5Write9write_fmtQNtNtCsdBofyk9Yr2t_5alloc6string6StringNtB4_12SpecWriteFmt14spec_write_fmtBS_;_RNvMNtNtCsitGFVNq7Ifu_4core3fmt2rtNtB2_8Argument3fmt;_RNvXs8_NtNtNtCsitGFVNq7Ifu_4core3fmt3num3impmNtB9_7Display3fmt;_RNvMs2_NtCsdBofyk9Yr2t_5alloc7raw_vecNtB5_11RawVecInner8capacityB7_
master	29	herdr::protocol::render_ansi::tests::ansi_instruments_probe::_$u7b$$u7b$closure$u7d$$u7d$;herdr::protocol::render_ansi::BlitEncoder::encode;herdr::protocol::render_ansi::BlitEncoder::encode_inner;herdr::protocol::render_ansi::write_cell;alloc::fmt::format::_$u7b$$u7b$closure$u7d$$u7d$;_RNvXs_NvNtNtCsitGFVNq7Ifu_4core3fmt5Write9write_fmtQNtNtCsdBofyk9Yr2t_5alloc6string6StringNtB4_12SpecWriteFmt14spec_write_fmtBS_;_RNvNtCsitGFVNq7Ifu_4core3fmt5write;_RNvMs2_NtCsdBofyk9Yr2t_5alloc7raw_vecNtB5_11RawVecInner7reserveB7_;_RNvMs4_NtCsdBofyk9Yr2t_5alloc7raw_vecNtB5_11RawVecInner14grow_amortizedB7_;_RNvNtCsdBofyk9Yr2t_5alloc5alloc15realloc_nonnull;_realloc;_malloc_zone_realloc;xzm_realloc;_xzm_xzone_malloc
master	29	herdr::protocol::render_ansi::tests::ansi_instruments_probe::_$u7b$$u7b$closure$u7d$$u7d$;herdr::protocol::render_ansi::BlitEncoder::encode;herdr::protocol::render_ansi::BlitEncoder::encode_inner;herdr::protocol::render_ansi::write_cell;alloc::vec::Vec$LT$T$C$A$GT$::push_mut;_RNvMs4_NtCsdBofyk9Yr2t_5alloc7raw_vecNtB5_11RawVecInner14grow_amortizedCscEX5ZwinSox_3std;_RNvNtCsdBofyk9Yr2t_5alloc5alloc15realloc_nonnull;_realloc;_malloc_zone_realloc
master	29	herdr::protocol::render_ansi::tests::ansi_instruments_probe::_$u7b$$u7b$closure$u7d$$u7d$;herdr::protocol::render_ansi::BlitEncoder::encode;herdr::protocol::render_ansi::BlitEncoder::encode_inner;herdr::protocol::render_ansi::write_cell;herdr::protocol::render_ansi::build_sgr;alloc::vec::Vec$LT$T$C$A$GT$::push_mut;alloc::raw_vec::RawVecInner$LT$A$GT$::grow_amortized;_RNvNtCsdBofyk9Yr2t_5alloc5alloc5alloc;_malloc_zone_malloc
master	28	herdr::protocol::render_ansi::tests::ansi_instruments_probe::_$u7b$$u7b$closure$u7d$$u7d$;herdr::protocol::render_ansi::BlitEncoder::encode;herdr::protocol::render_ansi::BlitEncoder::encode_inner;herdr::protocol::render_ansi::write_cell;alloc::vec::Vec$LT$T$C$A$GT$::push_mut;_RNvMs4_NtCsdBofyk9Yr2t_5alloc7raw_vecNtB5_11RawVecInner14grow_amortizedCscEX5ZwinSox_3std;_RNvNtCsdBofyk9Yr2t_5alloc5alloc15realloc_nonnull;_realloc;_malloc_zone_realloc;xzm_realloc;<deduplicated_symbol>
master	28	herdr::protocol::render_ansi::tests::ansi_instruments_probe::_$u7b$$u7b$closure$u7d$$u7d$;herdr::protocol::render_ansi::BlitEncoder::encode;herdr::protocol::render_ansi::BlitEncoder::encode_inner;herdr::protocol::render_ansi::write_cell;alloc::vec::Vec$LT$T$C$A$GT$::push_mut;_RNvMs4_NtCsdBofyk9Yr2t_5alloc7raw_vecNtB5_11RawVecInner14grow_amortizedCscEX5ZwinSox_3std;_RNvNtCsdBofyk9Yr2t_5alloc5alloc15realloc_nonnull;_realloc;_malloc_zone_realloc;xzm_realloc;_platform_memmove
master	28	herdr::protocol::render_ansi::tests::ansi_instruments_probe::_$u7b$$u7b$closure$u7d$$u7d$;herdr::protocol::render_ansi::BlitEncoder::encode;herdr::protocol::render_ansi::BlitEncoder::encode_inner;herdr::protocol::render_ansi::write_cell;alloc::vec::Vec$LT$T$C$A$GT$::push_mut;_RNvMs4_NtCsdBofyk9Yr2t_5alloc7raw_vecNtB5_11RawVecInner14grow_amortizedCscEX5ZwinSox_3std;_RNvNtCsdBofyk9Yr2t_5alloc5alloc15realloc_nonnull;_realloc;_malloc_zone_realloc;xzm_realloc;_xzm_xzone_malloc
master	28	herdr::protocol::render_ansi::tests::ansi_instruments_probe::_$u7b$$u7b$closure$u7d$$u7d$;herdr::protocol::render_ansi::BlitEncoder::encode;herdr::protocol::render_ansi::BlitEncoder::encode_inner;herdr::protocol::render_ansi::write_cell;herdr::protocol::render_ansi::build_sgr;_RNvNtCsdBofyk9Yr2t_5alloc5alloc5alloc;_xzm_xzone_malloc
master	28	herdr::protocol::render_ansi::tests::ansi_instruments_probe::_$u7b$$u7b$closure$u7d$$u7d$;herdr::protocol::render_ansi::BlitEncoder::encode;herdr::protocol::render_ansi::BlitEncoder::encode_inner;herdr::protocol::render_ansi::write_cell;herdr::protocol::render_ansi::build_sgr;alloc::fmt::format::_$u7b$$u7b$closure$u7d$$u7d$;_RNvXs_NvNtNtCsitGFVNq7Ifu_4core3fmt5Write9write_fmtQNtNtCsdBofyk9Yr2t_5alloc6string6StringNtB4_12SpecWriteFmt14spec_write_fmtBS_;_RNvMNtNtCsitGFVNq7Ifu_4core3fmt2rtNtB2_8Argument3fmt;_RNvMs1_NtNtCsitGFVNq7Ifu_4core3mem12maybe_uninitINtB5_11MaybeUninithE5writeB9_
master	28	herdr::protocol::render_ansi::tests::ansi_instruments_probe::_$u7b$$u7b$closure$u7d$$u7d$;herdr::protocol::render_ansi::BlitEncoder::encode;herdr::protocol::render_ansi::BlitEncoder::encode_inner;herdr::protocol::render_ansi::write_cell;herdr::protocol::render_ansi::build_sgr;alloc::vec::Vec$LT$T$C$A$GT$::push_mut;alloc::raw_vec::RawVecInner$LT$A$GT$::grow_amortized;_RNvNtCsdBofyk9Yr2t_5alloc5alloc5alloc;<deduplicated_symbol>
master	27	herdr::protocol::render_ansi::tests::ansi_instruments_probe::_$u7b$$u7b$closure$u7d$$u7d$;herdr::protocol::render_ansi::BlitEncoder::encode;herdr::protocol::render_ansi::BlitEncoder::encode_inner;_RNvNtCsdBofyk9Yr2t_5alloc5alloc15dealloc_nonnull;_free
master	27	herdr::protocol::render_ansi::tests::ansi_instruments_probe::_$u7b$$u7b$closure$u7d$$u7d$;herdr::protocol::render_ansi::BlitEncoder::encode;herdr::protocol::render_ansi::BlitEncoder::encode_inner;herdr::protocol::render_ansi::write_cell;_RNvNtCsdBofyk9Yr2t_5alloc5alloc15dealloc_nonnull;_xzm_free;DYLD-STUB$$_platform_bzero
master	27	herdr::protocol::render_ansi::tests::ansi_instruments_probe::_$u7b$$u7b$closure$u7d$$u7d$;herdr::protocol::render_ansi::BlitEncoder::encode;herdr::protocol::render_ansi::BlitEncoder::encode_inner;herdr::protocol::render_ansi::write_cell;alloc::raw_vec::RawVecInner$LT$A$GT$::reserve;alloc::raw_vec::RawVecInner$LT$A$GT$::grow_amortized;_RNvNtCsdBofyk9Yr2t_5alloc5alloc15realloc_nonnull;_realloc;_malloc_zone_realloc;xzm_realloc;_xzm_free;_platform_memset
master	27	herdr::protocol::render_ansi::tests::ansi_instruments_probe::_$u7b$$u7b$closure$u7d$$u7d$;herdr::protocol::render_ansi::BlitEncoder::encode;herdr::protocol::render_ansi::BlitEncoder::encode_inner;herdr::protocol::render_ansi::write_cell;alloc::str::_$LT$impl$u20$alloc..slice..Join$LT$$RF$str$GT$$u20$for$u20$$u5b$S$u5d$$GT$::join;_$LT$core..slice..iter..Iter$LT$T$GT$$u20$as$u20$core..iter..traits..iterator..Iterator$GT$::next
master	27	herdr::protocol::render_ansi::tests::ansi_instruments_probe::_$u7b$$u7b$closure$u7d$$u7d$;herdr::protocol::render_ansi::BlitEncoder::encode;herdr::protocol::render_ansi::BlitEncoder::encode_inner;unicode_width::tables::str_width;unicode_width::tables::width_in_str
master	26	herdr::protocol::render_ansi::tests::ansi_instruments_probe::_$u7b$$u7b$closure$u7d$$u7d$;herdr::protocol::render_ansi::BlitEncoder::encode;herdr::protocol::render_ansi::BlitEncoder::encode_inner;_RNvNtCsdBofyk9Yr2t_5alloc5alloc15dealloc_nonnull;_xzm_free;_platform_memset
master	26	herdr::protocol::render_ansi::tests::ansi_instruments_probe::_$u7b$$u7b$closure$u7d$$u7d$;herdr::protocol::render_ansi::BlitEncoder::encode;herdr::protocol::render_ansi::BlitEncoder::encode_inner;herdr::protocol::render_ansi::write_cell;alloc::fmt::format::_$u7b$$u7b$closure$u7d$$u7d$;_RNvXs_NvNtNtCsitGFVNq7Ifu_4core3fmt5Write9write_fmtQNtNtCsdBofyk9Yr2t_5alloc6string6StringNtB4_12SpecWriteFmt14spec_write_fmtBS_;_RNvXsZ_NtCsdBofyk9Yr2t_5alloc6stringNtB5_6StringNtNtCsitGFVNq7Ifu_4core3fmt5Write9write_str
master	26	herdr::protocol::render_ansi::tests::ansi_instruments_probe::_$u7b$$u7b$closure$u7d$$u7d$;herdr::protocol::render_ansi::BlitEncoder::encode;herdr::protocol::render_ansi::BlitEncoder::encode_inner;herdr::protocol::render_ansi::write_cell;alloc::vec::Vec$LT$T$C$A$GT$::push_mut;_RNvMs4_NtCsdBofyk9Yr2t_5alloc7raw_vecNtB5_11RawVecInner14grow_amortizedCscEX5ZwinSox_3std;_RNvNtCsdBofyk9Yr2t_5alloc5alloc15realloc_nonnull;_realloc
master	26	herdr::protocol::render_ansi::tests::ansi_instruments_probe::_$u7b$$u7b$closure$u7d$$u7d$;herdr::protocol::render_ansi::BlitEncoder::encode;herdr::protocol::render_ansi::BlitEncoder::encode_inner;herdr::protocol::render_ansi::write_cell;herdr::protocol::render_ansi::build_sgr;alloc::fmt::format::_$u7b$$u7b$closure$u7d$$u7d$;_RNvXs_NvNtNtCsitGFVNq7Ifu_4core3fmt5Write9write_fmtQNtNtCsdBofyk9Yr2t_5alloc6string6StringNtB4_12SpecWriteFmt14spec_write_fmtBS_;_RNvMNtNtCsitGFVNq7Ifu_4core3fmt2rtNtB2_8Argument3fmt;_RNvXs8_NtNtNtCsitGFVNq7Ifu_4core3fmt3num3impmNtB9_7Display3fmt;_RNvMs2_NtCsdBofyk9Yr2t_5alloc7raw_vecNtB5_11RawVecInner7reserveB7_;_RNvMs4_NtCsdBofyk9Yr2t_5alloc7raw_vecNtB5_11RawVecInner14grow_amortizedB7_;_RNvNtCsdBofyk9Yr2t_5alloc5alloc15realloc_nonnull;_realloc;_malloc_zone_realloc
master	26	herdr::protocol::render_ansi::tests::ansi_instruments_probe::_$u7b$$u7b$closure$u7d$$u7d$;herdr::protocol::render_ansi::BlitEncoder::encode;herdr::protocol::render_ansi::BlitEncoder::encode_inner;unicode_width::tables::str_width;_RNvMs9_NtCsitGFVNq7Ifu_4core3numj12wrapping_add
master	25	herdr::protocol::render_ansi::tests::ansi_instruments_probe::_$u7b$$u7b$closure$u7d$$u7d$;herdr::protocol::render_ansi::BlitEncoder::encode;herdr::protocol::render_ansi::BlitEncoder::encode_inner;herdr::protocol::render_ansi::write_cell;alloc::fmt::format::_$u7b$$u7b$closure$u7d$$u7d$;_RNvXs_NvNtNtCsitGFVNq7Ifu_4core3fmt5Write9write_fmtQNtNtCsdBofyk9Yr2t_5alloc6string6StringNtB4_12SpecWriteFmt14spec_write_fmtBS_;_RNvMNtNtCsitGFVNq7Ifu_4core3fmt2rtNtB2_8Argument3fmt;_RNvMs2_NtCsdBofyk9Yr2t_5alloc7raw_vecNtB5_11RawVecInner7reserveB7_;_RNvMs4_NtCsdBofyk9Yr2t_5alloc7raw_vecNtB5_11RawVecInner14grow_amortizedB7_;_RNvNtCsdBofyk9Yr2t_5alloc5alloc15realloc_nonnull;_realloc;_malloc_zone_realloc;xzm_realloc;<deduplicated_symbol>
master	25	herdr::protocol::render_ansi::tests::ansi_instruments_probe::_$u7b$$u7b$closure$u7d$$u7d$;herdr::protocol::render_ansi::BlitEncoder::encode;herdr::protocol::render_ansi::BlitEncoder::encode_inner;herdr::protocol::render_ansi::write_cell;alloc::fmt::format::_$u7b$$u7b$closure$u7d$$u7d$;_RNvXs_NvNtNtCsitGFVNq7Ifu_4core3fmt5Write9write_fmtQNtNtCsdBofyk9Yr2t_5alloc6string6StringNtB4_12SpecWriteFmt14spec_write_fmtBS_;_RNvMNtNtCsitGFVNq7Ifu_4core3fmt2rtNtB2_8Argument3fmt;_RNvMs2_NtCsdBofyk9Yr2t_5alloc7raw_vecNtB5_11RawVecInner7reserveB7_;_RNvMs4_NtCsdBofyk9Yr2t_5alloc7raw_vecNtB5_11RawVecInner14grow_amortizedB7_;_RNvNtCsdBofyk9Yr2t_5alloc5alloc15realloc_nonnull;_realloc;_malloc_zone_realloc;xzm_realloc;_xzm_xzone_malloc
master	25	herdr::protocol::render_ansi::tests::ansi_instruments_probe::_$u7b$$u7b$closure$u7d$$u7d$;herdr::protocol::render_ansi::BlitEncoder::encode;herdr::protocol::render_ansi::BlitEncoder::encode_inner;herdr::protocol::render_ansi::write_cell;alloc::fmt::format::_$u7b$$u7b$closure$u7d$$u7d$;_RNvXs_NvNtNtCsitGFVNq7Ifu_4core3fmt5Write9write_fmtQNtNtCsdBofyk9Yr2t_5alloc6string6StringNtB4_12SpecWriteFmt14spec_write_fmtBS_;_RNvMNtNtCsitGFVNq7Ifu_4core3fmt2rtNtB2_8Argument3fmt;_RNvMsa_NtCsitGFVNq7Ifu_4core3fmtNtB5_9Formatter3pad
master	25	herdr::protocol::render_ansi::tests::ansi_instruments_probe::_$u7b$$u7b$closure$u7d$$u7d$;herdr::protocol::render_ansi::BlitEncoder::encode;herdr::protocol::render_ansi::BlitEncoder::encode_inner;herdr::protocol::render_ansi::write_cell;alloc::vec::Vec$LT$T$C$A$GT$::push_mut
master	25	herdr::protocol::render_ansi::tests::ansi_instruments_probe::_$u7b$$u7b$closure$u7d$$u7d$;herdr::protocol::render_ansi::BlitEncoder::encode;herdr::protocol::render_ansi::BlitEncoder::encode_inner;herdr::protocol::render_ansi::write_cell;herdr::protocol::render_ansi::build_sgr;alloc::fmt::format::_$u7b$$u7b$closure$u7d$$u7d$;_RNvXs_NvNtNtCsitGFVNq7Ifu_4core3fmt5Write9write_fmtQNtNtCsdBofyk9Yr2t_5alloc6string6StringNtB4_12SpecWriteFmt14spec_write_fmtBS_;_RNvMNtNtCsitGFVNq7Ifu_4core3fmt2rtNtB2_8Argument3fmt;_RNvXs8_NtNtNtCsitGFVNq7Ifu_4core3fmt3num3impmNtB9_7Display3fmt;_RNvMs2_NtCsdBofyk9Yr2t_5alloc7raw_vecNtB5_11RawVecInner7reserveB7_;_RNvMs4_NtCsdBofyk9Yr2t_5alloc7raw_vecNtB5_11RawVecInner14grow_amortizedB7_;_RNvNtCsdBofyk9Yr2t_5alloc5alloc15realloc_nonnull;_realloc;_malloc_zone_realloc;xzm_realloc;_xzm_free
master	24	herdr::protocol::render_ansi::tests::ansi_instruments_probe::_$u7b$$u7b$closure$u7d$$u7d$;herdr::protocol::render_ansi::BlitEncoder::encode;herdr::protocol::render_ansi::BlitEncoder::encode_inner;herdr::protocol::render_ansi::write_cell;_$LT$core..iter..adapters..map..Map$LT$I$C$F$GT$$u20$as$u20$core..iter..traits..iterator..Iterator$GT$::fold;alloc::raw_vec::RawVecInner$LT$A$GT$::try_allocate_in
master	24	herdr::protocol::render_ansi::tests::ansi_instruments_probe::_$u7b$$u7b$closure$u7d$$u7d$;herdr::protocol::render_ansi::BlitEncoder::encode;herdr::protocol::render_ansi::BlitEncoder::encode_inner;herdr::protocol::render_ansi::write_cell;herdr::protocol::render_ansi::build_sgr;alloc::fmt::format::_$u7b$$u7b$closure$u7d$$u7d$;_RNvMs3_NtCsitGFVNq7Ifu_4core3fmtNtB5_9Arguments18estimated_capacity
master	24	herdr::protocol::render_ansi::tests::ansi_instruments_probe::_$u7b$$u7b$closure$u7d$$u7d$;herdr::protocol::render_ansi::BlitEncoder::encode;herdr::protocol::render_ansi::BlitEncoder::encode_inner;herdr::protocol::render_ansi::write_cell;herdr::protocol::render_ansi::build_sgr;alloc::fmt::format::_$u7b$$u7b$closure$u7d$$u7d$;_RNvXs_NvNtNtCsitGFVNq7Ifu_4core3fmt5Write9write_fmtQNtNtCsdBofyk9Yr2t_5alloc6string6StringNtB4_12SpecWriteFmt14spec_write_fmtBS_;_RNvMNtNtCsitGFVNq7Ifu_4core3fmt2rtNtB2_8Argument3fmt;_RNvXs8_NtNtNtCsitGFVNq7Ifu_4core3fmt3num3impmNtB9_7Display3fmt;_RNvNvMsa_NtCsitGFVNq7Ifu_4core3fmtNtB7_9Formatter12pad_integral12write_prefix
master	24	herdr::protocol::render_ansi::tests::ansi_instruments_probe::_$u7b$$u7b$closure$u7d$$u7d$;herdr::protocol::render_ansi::BlitEncoder::encode;herdr::protocol::render_ansi::BlitEncoder::encode_inner;herdr::protocol::render_ansi::write_cell;herdr::protocol::render_ansi::build_sgr;alloc::raw_vec::RawVecInner$LT$A$GT$::capacity
master	23	herdr::protocol::render_ansi::tests::ansi_instruments_probe::_$u7b$$u7b$closure$u7d$$u7d$;herdr::protocol::render_ansi::BlitEncoder::encode;herdr::protocol::render_ansi::BlitEncoder::encode_inner;herdr::protocol::render_ansi::write_cell;_$LT$core..iter..adapters..map..Map$LT$I$C$F$GT$$u20$as$u20$core..iter..traits..iterator..Iterator$GT$::fold;_RNvNtCsdBofyk9Yr2t_5alloc5alloc15dealloc_nonnull;_free
master	23	herdr::protocol::render_ansi::tests::ansi_instruments_probe::_$u7b$$u7b$closure$u7d$$u7d$;herdr::protocol::render_ansi::BlitEncoder::encode;herdr::protocol::render_ansi::BlitEncoder::encode_inner;herdr::protocol::render_ansi::write_cell;alloc::fmt::format::_$u7b$$u7b$closure$u7d$$u7d$;_RINvNtCsitGFVNq7Ifu_4core3ptr4readhECsdBofyk9Yr2t_5alloc
master	23	herdr::protocol::render_ansi::tests::ansi_instruments_probe::_$u7b$$u7b$closure$u7d$$u7d$;herdr::protocol::render_ansi::BlitEncoder::encode;herdr::protocol::render_ansi::BlitEncoder::encode_inner;herdr::protocol::render_ansi::write_cell;herdr::protocol::render_ansi::build_sgr;alloc::fmt::format::_$u7b$$u7b$closure$u7d$$u7d$;_RNvNvNtCsdBofyk9Yr2t_5alloc3fmt6format12format_inner
master	23	herdr::protocol::render_ansi::tests::ansi_instruments_probe::_$u7b$$u7b$closure$u7d$$u7d$;herdr::protocol::render_ansi::BlitEncoder::encode;herdr::protocol::render_ansi::BlitEncoder::encode_inner;herdr::protocol::render_ansi::write_cell;herdr::protocol::render_ansi::build_sgr;alloc::fmt::format::_$u7b$$u7b$closure$u7d$$u7d$;_RNvXs_NvNtNtCsitGFVNq7Ifu_4core3fmt5Write9write_fmtQNtNtCsdBofyk9Yr2t_5alloc6string6StringNtB4_12SpecWriteFmt14spec_write_fmtBS_;_RNvMNtNtCsitGFVNq7Ifu_4core3fmt2rtNtB2_8Argument3fmt;_RNvMsa_NtCsitGFVNq7Ifu_4core3fmtNtB5_9Formatter12pad_integral
master	22	herdr::protocol::render_ansi::tests::ansi_instruments_probe::_$u7b$$u7b$closure$u7d$$u7d$;herdr::protocol::render_ansi::BlitEncoder::encode;herdr::protocol::render_ansi::BlitEncoder::encode_inner;herdr::protocol::render_ansi::write_cell;alloc::fmt::format::_$u7b$$u7b$closure$u7d$$u7d$;_RNvXs_NvNtNtCsitGFVNq7Ifu_4core3fmt5Write9write_fmtQNtNtCsdBofyk9Yr2t_5alloc6string6StringNtB4_12SpecWriteFmt14spec_write_fmtBS_;_RNvMNtNtCsitGFVNq7Ifu_4core3fmt2rtNtB2_8Argument3fmt;_RNvMs2_NtCsdBofyk9Yr2t_5alloc7raw_vecNtB5_11RawVecInner7reserveB7_;_RNvMs4_NtCsdBofyk9Yr2t_5alloc7raw_vecNtB5_11RawVecInner14grow_amortizedB7_;_RNvNtCsdBofyk9Yr2t_5alloc5alloc15realloc_nonnull;_realloc;_malloc_zone_realloc;xzm_realloc;_platform_memmove
master	22	herdr::protocol::render_ansi::tests::ansi_instruments_probe::_$u7b$$u7b$closure$u7d$$u7d$;herdr::protocol::render_ansi::BlitEncoder::encode;herdr::protocol::render_ansi::BlitEncoder::encode_inner;herdr::protocol::render_ansi::write_cell;alloc::fmt::format::_$u7b$$u7b$closure$u7d$$u7d$;_RNvXs_NvNtNtCsitGFVNq7Ifu_4core3fmt5Write9write_fmtQNtNtCsdBofyk9Yr2t_5alloc6string6StringNtB4_12SpecWriteFmt14spec_write_fmtBS_;_RNvNtCsitGFVNq7Ifu_4core3fmt5write;_RNvMs2_NtCsdBofyk9Yr2t_5alloc7raw_vecNtB5_11RawVecInner7reserveB7_;_RNvMs4_NtCsdBofyk9Yr2t_5alloc7raw_vecNtB5_11RawVecInner14grow_amortizedB7_;_RNvNtCsdBofyk9Yr2t_5alloc5alloc15realloc_nonnull;_realloc;_malloc_zone_realloc;xzm_realloc;<deduplicated_symbol>
master	22	herdr::protocol::render_ansi::tests::ansi_instruments_probe::_$u7b$$u7b$closure$u7d$$u7d$;herdr::protocol::render_ansi::BlitEncoder::encode;herdr::protocol::render_ansi::BlitEncoder::encode_inner;herdr::protocol::render_ansi::write_cell;herdr::protocol::render_ansi::build_sgr;alloc::fmt::format::_$u7b$$u7b$closure$u7d$$u7d$;_RNvXs_NvNtNtCsitGFVNq7Ifu_4core3fmt5Write9write_fmtQNtNtCsdBofyk9Yr2t_5alloc6string6StringNtB4_12SpecWriteFmt14spec_write_fmtBS_;_RNvMNtNtCsitGFVNq7Ifu_4core3fmt2rtNtB2_8Argument3fmt;_RNvXs8_NtNtNtCsitGFVNq7Ifu_4core3fmt3num3impmNtB9_7Display3fmt;_RNvMs2_NtCsdBofyk9Yr2t_5alloc7raw_vecNtB5_11RawVecInner7reserveB7_;_RNvMs4_NtCsdBofyk9Yr2t_5alloc7raw_vecNtB5_11RawVecInner14grow_amortizedB7_;_RNvNtCsdBofyk9Yr2t_5alloc5alloc15realloc_nonnull;_realloc;_malloc_zone_realloc;xzm_realloc;_xzm_xzone_malloc
master	21	herdr::protocol::render_ansi::tests::ansi_instruments_probe::_$u7b$$u7b$closure$u7d$$u7d$;herdr::protocol::render_ansi::BlitEncoder::encode;herdr::protocol::render_ansi::BlitEncoder::encode_inner;herdr::protocol::render_ansi::write_cell;_$LT$core..iter..adapters..map..Map$LT$I$C$F$GT$$u20$as$u20$core..iter..traits..iterator..Iterator$GT$::fold;_$LT$alloc..vec..into_iter..IntoIter$LT$T$C$A$GT$$u20$as$u20$core..iter..traits..iterator..Iterator$GT$::fold
master	21	herdr::protocol::render_ansi::tests::ansi_instruments_probe::_$u7b$$u7b$closure$u7d$$u7d$;herdr::protocol::render_ansi::BlitEncoder::encode;herdr::protocol::render_ansi::BlitEncoder::encode_inner;herdr::protocol::render_ansi::write_cell;alloc::fmt::format::_$u7b$$u7b$closure$u7d$$u7d$;_RNvNtCsitGFVNq7Ifu_4core3fmt5write
master	21	herdr::protocol::render_ansi::tests::ansi_instruments_probe::_$u7b$$u7b$closure$u7d$$u7d$;herdr::protocol::render_ansi::BlitEncoder::encode;herdr::protocol::render_ansi::BlitEncoder::encode_inner;herdr::protocol::render_ansi::write_cell;herdr::protocol::render_ansi::build_sgr;alloc::fmt::format::_$u7b$$u7b$closure$u7d$$u7d$;_RNvXs_NvNtNtCsitGFVNq7Ifu_4core3fmt5Write9write_fmtQNtNtCsdBofyk9Yr2t_5alloc6string6StringNtB4_12SpecWriteFmt14spec_write_fmtBS_;_RNvMNtNtCsitGFVNq7Ifu_4core3fmt2rtNtB2_8Argument3fmt;_RNvXs8_NtNtNtCsitGFVNq7Ifu_4core3fmt3num3impmNtB9_7Display3fmt;_RINvNtCsitGFVNq7Ifu_4core3ptr19copy_nonoverlappinghECsdBofyk9Yr2t_5alloc;compiler_rt.memcpy.copyLessThan16
master	21	herdr::protocol::render_ansi::tests::ansi_instruments_probe::_$u7b$$u7b$closure$u7d$$u7d$;herdr::protocol::render_ansi::BlitEncoder::encode;herdr::protocol::render_ansi::BlitEncoder::encode_inner;herdr::protocol::render_ansi::write_cell;herdr::protocol::render_ansi::build_sgr;herdr::protocol::render_ansi::color_to_sgr_bg
master	20	herdr::protocol::render_ansi::tests::ansi_instruments_probe::_$u7b$$u7b$closure$u7d$$u7d$;herdr::protocol::render_ansi::BlitEncoder::encode;herdr::protocol::render_ansi::BlitEncoder::encode_inner;core::ptr::copy_nonoverlapping;compiler_rt.memcpy.copySmallLength
master	20	herdr::protocol::render_ansi::tests::ansi_instruments_probe::_$u7b$$u7b$closure$u7d$$u7d$;herdr::protocol::render_ansi::BlitEncoder::encode;herdr::protocol::render_ansi::BlitEncoder::encode_inner;herdr::protocol::render_ansi::write_cell;herdr::protocol::render_ansi::build_sgr;_RNvNtCsdBofyk9Yr2t_5alloc5alloc5alloc;_malloc_zone_malloc
master	20	herdr::protocol::render_ansi::tests::ansi_instruments_probe::_$u7b$$u7b$closure$u7d$$u7d$;herdr::protocol::render_ansi::BlitEncoder::encode;herdr::protocol::render_ansi::BlitEncoder::encode_inner;herdr::protocol::render_ansi::write_cell;herdr::protocol::render_ansi::build_sgr;alloc::fmt::format::_$u7b$$u7b$closure$u7d$$u7d$;_RNvNtCsdBofyk9Yr2t_5alloc5alloc5alloc;_RNvCs4SDFJOLwvtW_7___rustc11___rdl_alloc
master	20	herdr::protocol::render_ansi::tests::ansi_instruments_probe::_$u7b$$u7b$closure$u7d$$u7d$;herdr::protocol::render_ansi::BlitEncoder::encode;herdr::protocol::render_ansi::BlitEncoder::encode_inner;herdr::protocol::render_ansi::write_cell;herdr::protocol::render_ansi::build_sgr;alloc::fmt::format::_$u7b$$u7b$closure$u7d$$u7d$;_RNvXs_NvNtNtCsitGFVNq7Ifu_4core3fmt5Write9write_fmtQNtNtCsdBofyk9Yr2t_5alloc6string6StringNtB4_12SpecWriteFmt14spec_write_fmtBS_;_RNvMNtNtCsitGFVNq7Ifu_4core3fmt2rtNtB2_8Argument3fmt;_RNvXs8_NtNtNtCsitGFVNq7Ifu_4core3fmt3num3impmNtB9_7Display3fmt;_RNvMsa_NtCsitGFVNq7Ifu_4core3fmtNtB5_9Formatter12pad_integral;_RNvNvMsa_NtCsitGFVNq7Ifu_4core3fmtNtB7_9Formatter12pad_integral12write_prefix
master	19	herdr::protocol::render_ansi::tests::ansi_instruments_probe::_$u7b$$u7b$closure$u7d$$u7d$;herdr::protocol::render_ansi::BlitEncoder::encode;herdr::protocol::render_ansi::BlitEncoder::encode_inner;_xzm_free
master	19	herdr::protocol::render_ansi::tests::ansi_instruments_probe::_$u7b$$u7b$closure$u7d$$u7d$;herdr::protocol::render_ansi::BlitEncoder::encode;herdr::protocol::render_ansi::BlitEncoder::encode_inner;herdr::protocol::render_ansi::write_cell;_$LT$core..iter..adapters..map..Map$LT$I$C$F$GT$$u20$as$u20$core..iter..traits..iterator..Iterator$GT$::fold;_RNvNtCsdBofyk9Yr2t_5alloc5alloc15dealloc_nonnull;DYLD-STUB$$free
master	19	herdr::protocol::render_ansi::tests::ansi_instruments_probe::_$u7b$$u7b$closure$u7d$$u7d$;herdr::protocol::render_ansi::BlitEncoder::encode;herdr::protocol::render_ansi::BlitEncoder::encode_inner;herdr::protocol::render_ansi::write_cell;alloc::fmt::format::_$u7b$$u7b$closure$u7d$$u7d$;_RNvXs_NvNtNtCsitGFVNq7Ifu_4core3fmt5Write9write_fmtQNtNtCsdBofyk9Yr2t_5alloc6string6StringNtB4_12SpecWriteFmt14spec_write_fmtBS_;_RNvMNtNtCsitGFVNq7Ifu_4core3fmt2rtNtB2_8Argument3fmt;_RNvMs2_NtCsdBofyk9Yr2t_5alloc7raw_vecNtB5_11RawVecInner7reserveB7_;_RNvMs4_NtCsdBofyk9Yr2t_5alloc7raw_vecNtB5_11RawVecInner14grow_amortizedB7_;_RNvMs4_NtCsdBofyk9Yr2t_5alloc7raw_vecNtB5_11RawVecInner11finish_growB7_
master	19	herdr::protocol::render_ansi::tests::ansi_instruments_probe::_$u7b$$u7b$closure$u7d$$u7d$;herdr::protocol::render_ansi::BlitEncoder::encode;herdr::protocol::render_ansi::BlitEncoder::encode_inner;herdr::protocol::render_ansi::write_cell;alloc::raw_vec::RawVecInner$LT$A$GT$::reserve;alloc::raw_vec::RawVecInner$LT$A$GT$::grow_amortized;_RNvNtCsdBofyk9Yr2t_5alloc5alloc15realloc_nonnull;_realloc;_malloc_zone_realloc;default_zone_realloc
master	19	herdr::protocol::render_ansi::tests::ansi_instruments_probe::_$u7b$$u7b$closure$u7d$$u7d$;herdr::protocol::render_ansi::BlitEncoder::encode;herdr::protocol::render_ansi::BlitEncoder::encode_inner;herdr::protocol::render_ansi::write_cell;alloc::str::_$LT$impl$u20$alloc..slice..Join$LT$$RF$str$GT$$u20$for$u20$$u5b$S$u5d$$GT$::join;core::ptr::copy_nonoverlapping;compiler_rt.memcpy.copyFixedLength
master	19	herdr::protocol::render_ansi::tests::ansi_instruments_probe::_$u7b$$u7b$closure$u7d$$u7d$;herdr::protocol::render_ansi::BlitEncoder::encode;herdr::protocol::render_ansi::BlitEncoder::encode_inner;herdr::protocol::render_ansi::write_cell;alloc::str::_$LT$impl$u20$alloc..slice..Join$LT$$RF$str$GT$$u20$for$u20$$u5b$S$u5d$$GT$::join;core::ptr::copy_nonoverlapping;compiler_rt.memcpy.copySmallLength
master	19	herdr::protocol::render_ansi::tests::ansi_instruments_probe::_$u7b$$u7b$closure$u7d$$u7d$;herdr::protocol::render_ansi::BlitEncoder::encode;herdr::protocol::render_ansi::BlitEncoder::encode_inner;herdr::protocol::render_ansi::write_cell;alloc::str::_$LT$impl$u20$alloc..slice..Join$LT$$RF$str$GT$$u20$for$u20$$u5b$S$u5d$$GT$::join;core::slice::_$LT$impl$u20$$u5b$T$u5d$$GT$::split_at_mut_checked
master	19	herdr::protocol::render_ansi::tests::ansi_instruments_probe::_$u7b$$u7b$closure$u7d$$u7d$;herdr::protocol::render_ansi::BlitEncoder::encode;herdr::protocol::render_ansi::BlitEncoder::encode_inner;herdr::protocol::render_ansi::write_cell;herdr::protocol::render_ansi::build_sgr;alloc::fmt::format::_$u7b$$u7b$closure$u7d$$u7d$;_RNvXs_NvNtNtCsitGFVNq7Ifu_4core3fmt5Write9write_fmtQNtNtCsdBofyk9Yr2t_5alloc6string6StringNtB4_12SpecWriteFmt14spec_write_fmtBS_;_RNvNtCsitGFVNq7Ifu_4core3fmt5write;_RINvNtCsitGFVNq7Ifu_4core3ptr19copy_nonoverlappinghECsdBofyk9Yr2t_5alloc;compiler_rt.memcpy.copySmallLength
master	19	herdr::protocol::render_ansi::tests::ansi_instruments_probe::_$u7b$$u7b$closure$u7d$$u7d$;herdr::protocol::render_ansi::BlitEncoder::encode;herdr::protocol::render_ansi::BlitEncoder::encode_inner;herdr::protocol::render_ansi::write_cell;herdr::protocol::render_ansi::build_sgr;alloc::vec::Vec$LT$T$C$A$GT$::push_mut
master	18	herdr::protocol::render_ansi::tests::ansi_instruments_probe::_$u7b$$u7b$closure$u7d$$u7d$;herdr::protocol::render_ansi::BlitEncoder::encode;herdr::protocol::render_ansi::BlitEncoder::encode_inner;_$LT$A$u20$as$u20$core..slice..cmp..SlicePartialEq$LT$B$GT$$GT$::equal_same_length;memcmp
master	18	herdr::protocol::render_ansi::tests::ansi_instruments_probe::_$u7b$$u7b$closure$u7d$$u7d$;herdr::protocol::render_ansi::BlitEncoder::encode;herdr::protocol::render_ansi::BlitEncoder::encode_inner;herdr::protocol::render_ansi::write_cell;alloc::fmt::format::_$u7b$$u7b$closure$u7d$$u7d$;_RNvXs_NvNtNtCsitGFVNq7Ifu_4core3fmt5Write9write_fmtQNtNtCsdBofyk9Yr2t_5alloc6string6StringNtB4_12SpecWriteFmt14spec_write_fmtBS_;_RNvMsa_NtCsitGFVNq7Ifu_4core3fmtNtB5_9Formatter3pad
master	18	herdr::protocol::render_ansi::tests::ansi_instruments_probe::_$u7b$$u7b$closure$u7d$$u7d$;herdr::protocol::render_ansi::BlitEncoder::encode;herdr::protocol::render_ansi::BlitEncoder::encode_inner;herdr::protocol::render_ansi::write_cell;herdr::protocol::render_ansi::build_sgr;alloc::fmt::format::_$u7b$$u7b$closure$u7d$$u7d$;_RNvMs1_NtNtCsitGFVNq7Ifu_4core3ptr8non_nullINtB5_7NonNullhE3addCsdBofyk9Yr2t_5alloc
master	18	herdr::protocol::render_ansi::tests::ansi_instruments_probe::_$u7b$$u7b$closure$u7d$$u7d$;herdr::protocol::render_ansi::BlitEncoder::encode;herdr::protocol::render_ansi::BlitEncoder::encode_inner;herdr::protocol::render_ansi::write_cell;herdr::protocol::render_ansi::modifier_to_sgr_parts
master	17	herdr::protocol::render_ansi::tests::ansi_instruments_probe::_$u7b$$u7b$closure$u7d$$u7d$;herdr::protocol::render_ansi::BlitEncoder::encode;herdr::protocol::render_ansi::BlitEncoder::encode_inner;herdr::protocol::render_ansi::write_cell;alloc::str::_$LT$impl$u20$alloc..slice..Join$LT$$RF$str$GT$$u20$for$u20$$u5b$S$u5d$$GT$::join;core::ptr::copy_nonoverlapping
master	17	herdr::protocol::render_ansi::tests::ansi_instruments_probe::_$u7b$$u7b$closure$u7d$$u7d$;herdr::protocol::render_ansi::BlitEncoder::encode;herdr::protocol::render_ansi::BlitEncoder::encode_inner;herdr::protocol::render_ansi::write_cell;herdr::protocol::render_ansi::build_sgr;_RNvNtCsdBofyk9Yr2t_5alloc5alloc5alloc;_RNvCs4SDFJOLwvtW_7___rustc11___rdl_alloc
master	17	herdr::protocol::render_ansi::tests::ansi_instruments_probe::_$u7b$$u7b$closure$u7d$$u7d$;herdr::protocol::render_ansi::BlitEncoder::encode;herdr::protocol::render_ansi::BlitEncoder::encode_inner;herdr::protocol::render_ansi::write_cell;herdr::protocol::render_ansi::build_sgr;alloc::fmt::format::_$u7b$$u7b$closure$u7d$$u7d$;_RNvXs_NvNtNtCsitGFVNq7Ifu_4core3fmt5Write9write_fmtQNtNtCsdBofyk9Yr2t_5alloc6string6StringNtB4_12SpecWriteFmt14spec_write_fmtBS_;_RINvNtCsitGFVNq7Ifu_4core3ptr4readhEB4_
master	17	herdr::protocol::render_ansi::tests::ansi_instruments_probe::_$u7b$$u7b$closure$u7d$$u7d$;herdr::protocol::render_ansi::BlitEncoder::encode;herdr::protocol::render_ansi::BlitEncoder::encode_inner;herdr::protocol::render_ansi::write_cell;herdr::protocol::render_ansi::build_sgr;alloc::fmt::format::_$u7b$$u7b$closure$u7d$$u7d$;_RNvXs_NvNtNtCsitGFVNq7Ifu_4core3fmt5Write9write_fmtQNtNtCsdBofyk9Yr2t_5alloc6string6StringNtB4_12SpecWriteFmt14spec_write_fmtBS_;_RNvMNtNtCsitGFVNq7Ifu_4core3fmt2rtNtB2_8Argument3fmt;_RNvXs8_NtNtNtCsitGFVNq7Ifu_4core3fmt3num3impmNtB9_7Display3fmt;_RNvMs2_NtCsdBofyk9Yr2t_5alloc7raw_vecNtB5_11RawVecInner7reserveB7_;_RNvMs4_NtCsdBofyk9Yr2t_5alloc7raw_vecNtB5_11RawVecInner14grow_amortizedB7_;_RNvNtCsdBofyk9Yr2t_5alloc5alloc15realloc_nonnull;_realloc
master	17	herdr::protocol::render_ansi::tests::ansi_instruments_probe::_$u7b$$u7b$closure$u7d$$u7d$;herdr::protocol::render_ansi::BlitEncoder::encode;herdr::protocol::render_ansi::BlitEncoder::encode_inner;herdr::protocol::render_ansi::write_cell;herdr::protocol::render_ansi::build_sgr;alloc::fmt::format::_$u7b$$u7b$closure$u7d$$u7d$;_RNvXs_NvNtNtCsitGFVNq7Ifu_4core3fmt5Write9write_fmtQNtNtCsdBofyk9Yr2t_5alloc6string6StringNtB4_12SpecWriteFmt14spec_write_fmtBS_;_RNvMNtNtCsitGFVNq7Ifu_4core3fmt2rtNtB2_8Argument3fmt;_RNvXsZ_NtCsdBofyk9Yr2t_5alloc6stringNtB5_6StringNtNtCsitGFVNq7Ifu_4core3fmt5Write9write_str
master	16	herdr::protocol::render_ansi::tests::ansi_instruments_probe::_$u7b$$u7b$closure$u7d$$u7d$;herdr::protocol::render_ansi::BlitEncoder::encode;herdr::protocol::render_ansi::BlitEncoder::encode_inner;core::str::validations::next_code_point
master	16	herdr::protocol::render_ansi::tests::ansi_instruments_probe::_$u7b$$u7b$closure$u7d$$u7d$;herdr::protocol::render_ansi::BlitEncoder::encode;herdr::protocol::render_ansi::BlitEncoder::encode_inner;herdr::protocol::render_ansi::write_cell;_$LT$core..iter..adapters..map..Map$LT$I$C$F$GT$$u20$as$u20$core..iter..traits..iterator..Iterator$GT$::fold;_xzm_free
master	16	herdr::protocol::render_ansi::tests::ansi_instruments_probe::_$u7b$$u7b$closure$u7d$$u7d$;herdr::protocol::render_ansi::BlitEncoder::encode;herdr::protocol::render_ansi::BlitEncoder::encode_inner;herdr::protocol::render_ansi::write_cell;alloc::fmt::format::_$u7b$$u7b$closure$u7d$$u7d$;_RNvXs_NvNtNtCsitGFVNq7Ifu_4core3fmt5Write9write_fmtQNtNtCsdBofyk9Yr2t_5alloc6string6StringNtB4_12SpecWriteFmt14spec_write_fmtBS_;_RINvNtCsitGFVNq7Ifu_4core3ptr4readhEB4_
master	16	herdr::protocol::render_ansi::tests::ansi_instruments_probe::_$u7b$$u7b$closure$u7d$$u7d$;herdr::protocol::render_ansi::BlitEncoder::encode;herdr::protocol::render_ansi::BlitEncoder::encode_inner;herdr::protocol::render_ansi::write_cell;alloc::fmt::format::_$u7b$$u7b$closure$u7d$$u7d$;_RNvXs_NvNtNtCsitGFVNq7Ifu_4core3fmt5Write9write_fmtQNtNtCsdBofyk9Yr2t_5alloc6string6StringNtB4_12SpecWriteFmt14spec_write_fmtBS_;_RNvNtCsitGFVNq7Ifu_4core3fmt5write;_RINvNtCsitGFVNq7Ifu_4core3ptr19copy_nonoverlappinghECsdBofyk9Yr2t_5alloc;compiler_rt.memcpy.copyLessThan16
master	16	herdr::protocol::render_ansi::tests::ansi_instruments_probe::_$u7b$$u7b$closure$u7d$$u7d$;herdr::protocol::render_ansi::BlitEncoder::encode;herdr::protocol::render_ansi::BlitEncoder::encode_inner;herdr::protocol::render_ansi::write_cell;herdr::protocol::render_ansi::build_sgr;alloc::fmt::format::_$u7b$$u7b$closure$u7d$$u7d$;_RNvXs_NvNtNtCsitGFVNq7Ifu_4core3fmt5Write9write_fmtQNtNtCsdBofyk9Yr2t_5alloc6string6StringNtB4_12SpecWriteFmt14spec_write_fmtBS_;_RNvMNtNtCsitGFVNq7Ifu_4core3fmt2rtNtB2_8Argument3fmt;_RNvXs8_NtNtNtCsitGFVNq7Ifu_4core3fmt3num3impmNtB9_7Display3fmt;_RNvMs2_NtCsdBofyk9Yr2t_5alloc7raw_vecNtB5_11RawVecInner7reserveB7_;_RNvMs4_NtCsdBofyk9Yr2t_5alloc7raw_vecNtB5_11RawVecInner14grow_amortizedB7_;_RNvNtCsdBofyk9Yr2t_5alloc5alloc15realloc_nonnull;_realloc;_malloc_zone_realloc;xzm_realloc;_platform_memmove
master	16	herdr::protocol::render_ansi::tests::ansi_instruments_probe::_$u7b$$u7b$closure$u7d$$u7d$;herdr::protocol::render_ansi::BlitEncoder::encode;herdr::protocol::render_ansi::BlitEncoder::encode_inner;herdr::protocol::render_ansi::write_cell;herdr::protocol::render_ansi::build_sgr;herdr::protocol::wire::underline_style_from_modifier
master	15	herdr::protocol::render_ansi::tests::ansi_instruments_probe::_$u7b$$u7b$closure$u7d$$u7d$;herdr::protocol::render_ansi::BlitEncoder::encode;herdr::protocol::render_ansi::BlitEncoder::encode_inner;_$LT$core..ops..range..Range$LT$T$GT$$u20$as$u20$core..iter..range..RangeIteratorImpl$GT$::spec_next
master	15	herdr::protocol::render_ansi::tests::ansi_instruments_probe::_$u7b$$u7b$closure$u7d$$u7d$;herdr::protocol::render_ansi::BlitEncoder::encode;herdr::protocol::render_ansi::BlitEncoder::encode_inner;herdr::protocol::render_ansi::write_cell;_RNvNtCsdBofyk9Yr2t_5alloc5alloc5alloc;_RNvCs4SDFJOLwvtW_7___rustc35___rust_no_alloc_shim_is_unstable_v2
master	15	herdr::protocol::render_ansi::tests::ansi_instruments_probe::_$u7b$$u7b$closure$u7d$$u7d$;herdr::protocol::render_ansi::BlitEncoder::encode;herdr::protocol::render_ansi::BlitEncoder::encode_inner;herdr::protocol::render_ansi::write_cell;alloc::fmt::format::_$u7b$$u7b$closure$u7d$$u7d$;_RNvXs_NvNtNtCsitGFVNq7Ifu_4core3fmt5Write9write_fmtQNtNtCsdBofyk9Yr2t_5alloc6string6StringNtB4_12SpecWriteFmt14spec_write_fmtBS_;_RNvMNtNtCsitGFVNq7Ifu_4core3fmt2rtNtB2_8Argument3fmt;_RINvNtCsitGFVNq7Ifu_4core3ptr19copy_nonoverlappinghECsdBofyk9Yr2t_5alloc;compiler_rt.memcpy.copyFixedLength
master	15	herdr::protocol::render_ansi::tests::ansi_instruments_probe::_$u7b$$u7b$closure$u7d$$u7d$;herdr::protocol::render_ansi::BlitEncoder::encode;herdr::protocol::render_ansi::BlitEncoder::encode_inner;herdr::protocol::render_ansi::write_cell;alloc::fmt::format::_$u7b$$u7b$closure$u7d$$u7d$;_RNvXs_NvNtNtCsitGFVNq7Ifu_4core3fmt5Write9write_fmtQNtNtCsdBofyk9Yr2t_5alloc6string6StringNtB4_12SpecWriteFmt14spec_write_fmtBS_;_RNvNtCsitGFVNq7Ifu_4core3fmt5write;_RNvMs2_NtCsdBofyk9Yr2t_5alloc7raw_vecNtB5_11RawVecInner8capacityB7_
master	15	herdr::protocol::render_ansi::tests::ansi_instruments_probe::_$u7b$$u7b$closure$u7d$$u7d$;herdr::protocol::render_ansi::BlitEncoder::encode;herdr::protocol::render_ansi::BlitEncoder::encode_inner;herdr::protocol::render_ansi::write_cell;alloc::raw_vec::RawVecInner$LT$A$GT$::reserve;alloc::raw_vec::RawVecInner$LT$A$GT$::grow_amortized;_RNvNtCsdBofyk9Yr2t_5alloc5alloc15realloc_nonnull;_realloc;_malloc_zone_realloc;xzm_realloc;_xzm_free;DYLD-STUB$$_platform_bzero
master	15	herdr::protocol::render_ansi::tests::ansi_instruments_probe::_$u7b$$u7b$closure$u7d$$u7d$;herdr::protocol::render_ansi::BlitEncoder::encode;herdr::protocol::render_ansi::BlitEncoder::encode_inner;herdr::protocol::render_ansi::write_cell;alloc::str::_$LT$impl$u20$alloc..slice..Join$LT$$RF$str$GT$$u20$for$u20$$u5b$S$u5d$$GT$::join;core::iter::traits::iterator::Iterator::try_fold
master	15	herdr::protocol::render_ansi::tests::ansi_instruments_probe::_$u7b$$u7b$closure$u7d$$u7d$;herdr::protocol::render_ansi::BlitEncoder::encode;herdr::protocol::render_ansi::BlitEncoder::encode_inner;herdr::protocol::render_ansi::write_cell;alloc::str::join_generic_copy
master	15	herdr::protocol::render_ansi::tests::ansi_instruments_probe::_$u7b$$u7b$closure$u7d$$u7d$;herdr::protocol::render_ansi::BlitEncoder::encode;herdr::protocol::render_ansi::BlitEncoder::encode_inner;herdr::protocol::render_ansi::write_cell;herdr::protocol::render_ansi::build_sgr;alloc::fmt::format::_$u7b$$u7b$closure$u7d$$u7d$;_RNvXs_NvNtNtCsitGFVNq7Ifu_4core3fmt5Write9write_fmtQNtNtCsdBofyk9Yr2t_5alloc6string6StringNtB4_12SpecWriteFmt14spec_write_fmtBS_;_RNvMNtNtCsitGFVNq7Ifu_4core3fmt2rtNtB2_8Argument3fmt;_RNvXs8_NtNtNtCsitGFVNq7Ifu_4core3fmt3num3impmNtB9_7Display3fmt;_RNvMs2_NtCsdBofyk9Yr2t_5alloc7raw_vecNtB5_11RawVecInner7reserveB7_;_RNvMs4_NtCsdBofyk9Yr2t_5alloc7raw_vecNtB5_11RawVecInner14grow_amortizedB7_;_RNvNtCsdBofyk9Yr2t_5alloc5alloc15realloc_nonnull;_realloc;_malloc_zone_realloc;xzm_realloc;<deduplicated_symbol>
master	14	herdr::protocol::render_ansi::tests::ansi_instruments_probe::_$u7b$$u7b$closure$u7d$$u7d$;herdr::protocol::render_ansi::BlitEncoder::encode;herdr::protocol::render_ansi::BlitEncoder::encode_inner;_RNvNtCsdBofyk9Yr2t_5alloc5alloc15dealloc_nonnull;DYLD-STUB$$free
master	14	herdr::protocol::render_ansi::tests::ansi_instruments_probe::_$u7b$$u7b$closure$u7d$$u7d$;herdr::protocol::render_ansi::BlitEncoder::encode;herdr::protocol::render_ansi::BlitEncoder::encode_inner;herdr::protocol::render_ansi::write_cell;_$LT$core..iter..adapters..map..Map$LT$I$C$F$GT$$u20$as$u20$core..iter..traits..iterator..Iterator$GT$::fold;_RNvNtCsdBofyk9Yr2t_5alloc5alloc5alloc;_RNvCs4SDFJOLwvtW_7___rustc11___rdl_alloc
master	14	herdr::protocol::render_ansi::tests::ansi_instruments_probe::_$u7b$$u7b$closure$u7d$$u7d$;herdr::protocol::render_ansi::BlitEncoder::encode;herdr::protocol::render_ansi::BlitEncoder::encode_inner;herdr::protocol::render_ansi::write_cell;alloc::fmt::format::_$u7b$$u7b$closure$u7d$$u7d$;_RNvXs_NvNtNtCsitGFVNq7Ifu_4core3fmt5Write9write_fmtQNtNtCsdBofyk9Yr2t_5alloc6string6StringNtB4_12SpecWriteFmt14spec_write_fmtBS_;_RNvMNtNtCsitGFVNq7Ifu_4core3fmt2rtNtB2_8Argument3fmt;_RNvMs2_NtCsdBofyk9Yr2t_5alloc7raw_vecNtB5_11RawVecInner7reserveB7_;_RNvMs4_NtCsdBofyk9Yr2t_5alloc7raw_vecNtB5_11RawVecInner14grow_amortizedB7_;_RNvNtCsdBofyk9Yr2t_5alloc5alloc15realloc_nonnull;_malloc_zone_realloc
master	14	herdr::protocol::render_ansi::tests::ansi_instruments_probe::_$u7b$$u7b$closure$u7d$$u7d$;herdr::protocol::render_ansi::BlitEncoder::encode;herdr::protocol::render_ansi::BlitEncoder::encode_inner;herdr::protocol::render_ansi::write_cell;alloc::fmt::format::_$u7b$$u7b$closure$u7d$$u7d$;_RNvXs_NvNtNtCsitGFVNq7Ifu_4core3fmt5Write9write_fmtQNtNtCsdBofyk9Yr2t_5alloc6string6StringNtB4_12SpecWriteFmt14spec_write_fmtBS_;_RNvNtCsitGFVNq7Ifu_4core3fmt5write;_RNvMs2_NtCsdBofyk9Yr2t_5alloc7raw_vecNtB5_11RawVecInner7reserveB7_;_RNvMs4_NtCsdBofyk9Yr2t_5alloc7raw_vecNtB5_11RawVecInner14grow_amortizedB7_;_RNvMs4_NtCsdBofyk9Yr2t_5alloc7raw_vecNtB5_11RawVecInner11finish_growB7_
master	14	herdr::protocol::render_ansi::tests::ansi_instruments_probe::_$u7b$$u7b$closure$u7d$$u7d$;herdr::protocol::render_ansi::BlitEncoder::encode;herdr::protocol::render_ansi::BlitEncoder::encode_inner;herdr::protocol::render_ansi::write_cell;alloc::vec::Vec$LT$T$C$A$GT$::push_mut;_RNvMs4_NtCsdBofyk9Yr2t_5alloc7raw_vecNtB5_11RawVecInner14grow_amortizedCscEX5ZwinSox_3std;_RNvNtCsdBofyk9Yr2t_5alloc5alloc15realloc_nonnull;_realloc;_malloc_zone_realloc;_xzm_free
master	14	herdr::protocol::render_ansi::tests::ansi_instruments_probe::_$u7b$$u7b$closure$u7d$$u7d$;herdr::protocol::render_ansi::BlitEncoder::encode;herdr::protocol::render_ansi::BlitEncoder::encode_inner;herdr::protocol::render_ansi::write_cell;herdr::protocol::render_ansi::build_sgr;alloc::fmt::format::_$u7b$$u7b$closure$u7d$$u7d$;_RNvXs_NvNtNtCsitGFVNq7Ifu_4core3fmt5Write9write_fmtQNtNtCsdBofyk9Yr2t_5alloc6string6StringNtB4_12SpecWriteFmt14spec_write_fmtBS_;_RNvMs1_NtNtCsitGFVNq7Ifu_4core3ptr8non_nullINtB5_7NonNullhE3addB9_
master	14	herdr::protocol::render_ansi::tests::ansi_instruments_probe::_$u7b$$u7b$closure$u7d$$u7d$;herdr::protocol::render_ansi::BlitEncoder::encode;herdr::protocol::render_ansi::BlitEncoder::encode_inner;herdr::protocol::render_ansi::write_cell;herdr::protocol::render_ansi::build_sgr;alloc::fmt::format::_$u7b$$u7b$closure$u7d$$u7d$;_RNvXs_NvNtNtCsitGFVNq7Ifu_4core3fmt5Write9write_fmtQNtNtCsdBofyk9Yr2t_5alloc6string6StringNtB4_12SpecWriteFmt14spec_write_fmtBS_;_RNvXsZ_NtCsdBofyk9Yr2t_5alloc6stringNtB5_6StringNtNtCsitGFVNq7Ifu_4core3fmt5Write9write_str
master	13	herdr::protocol::render_ansi::tests::ansi_instruments_probe::_$u7b$$u7b$closure$u7d$$u7d$;herdr::protocol::render_ansi::BlitEncoder::encode;herdr::protocol::render_ansi::BlitEncoder::encode_inner;herdr::protocol::render_ansi::write_cell;_$LT$core..iter..adapters..map..Map$LT$I$C$F$GT$$u20$as$u20$core..iter..traits..iterator..Iterator$GT$::fold;_RNvNtCsdBofyk9Yr2t_5alloc5alloc5alloc;DYLD-STUB$$malloc
master	13	herdr::protocol::render_ansi::tests::ansi_instruments_probe::_$u7b$$u7b$closure$u7d$$u7d$;herdr::protocol::render_ansi::BlitEncoder::encode;herdr::protocol::render_ansi::BlitEncoder::encode_inner;herdr::protocol::render_ansi::write_cell;_$LT$core..iter..adapters..map..Map$LT$I$C$F$GT$$u20$as$u20$core..iter..traits..iterator..Iterator$GT$::fold;alloc::raw_vec::RawVecInner$LT$A$GT$::try_allocate_in;_RNvCs4SDFJOLwvtW_7___rustc35___rust_no_alloc_shim_is_unstable_v2
master	13	herdr::protocol::render_ansi::tests::ansi_instruments_probe::_$u7b$$u7b$closure$u7d$$u7d$;herdr::protocol::render_ansi::BlitEncoder::encode;herdr::protocol::render_ansi::BlitEncoder::encode_inner;herdr::protocol::render_ansi::write_cell;alloc::fmt::format::_$u7b$$u7b$closure$u7d$$u7d$;_RNvNtCsdBofyk9Yr2t_5alloc5alloc5alloc;_RNvCs4SDFJOLwvtW_7___rustc11___rdl_alloc
master	13	herdr::protocol::render_ansi::tests::ansi_instruments_probe::_$u7b$$u7b$closure$u7d$$u7d$;herdr::protocol::render_ansi::BlitEncoder::encode;herdr::protocol::render_ansi::BlitEncoder::encode_inner;herdr::protocol::render_ansi::write_cell;alloc::fmt::format::_$u7b$$u7b$closure$u7d$$u7d$;_RNvXs_NvNtNtCsitGFVNq7Ifu_4core3fmt5Write9write_fmtQNtNtCsdBofyk9Yr2t_5alloc6string6StringNtB4_12SpecWriteFmt14spec_write_fmtBS_;_RNvNtCsitGFVNq7Ifu_4core3fmt5write;_RINvNtCsitGFVNq7Ifu_4core3ptr19copy_nonoverlappinghECsdBofyk9Yr2t_5alloc;compiler_rt.memcpy.copySmallLength
master	13	herdr::protocol::render_ansi::tests::ansi_instruments_probe::_$u7b$$u7b$closure$u7d$$u7d$;herdr::protocol::render_ansi::BlitEncoder::encode;herdr::protocol::render_ansi::BlitEncoder::encode_inner;herdr::protocol::render_ansi::write_cell;alloc::fmt::format::_$u7b$$u7b$closure$u7d$$u7d$;_RNvXs_NvNtNtCsitGFVNq7Ifu_4core3fmt5Write9write_fmtQNtNtCsdBofyk9Yr2t_5alloc6string6StringNtB4_12SpecWriteFmt14spec_write_fmtBS_;_RNvNtCsitGFVNq7Ifu_4core3fmt5write;_RNvMs2_NtCsdBofyk9Yr2t_5alloc7raw_vecNtB5_11RawVecInner7reserveB7_;_RNvMs4_NtCsdBofyk9Yr2t_5alloc7raw_vecNtB5_11RawVecInner14grow_amortizedB7_;_RNvNtCsdBofyk9Yr2t_5alloc5alloc15realloc_nonnull;_realloc;_malloc_zone_realloc;_xzm_free
master	13	herdr::protocol::render_ansi::tests::ansi_instruments_probe::_$u7b$$u7b$closure$u7d$$u7d$;herdr::protocol::render_ansi::BlitEncoder::encode;herdr::protocol::render_ansi::BlitEncoder::encode_inner;herdr::protocol::render_ansi::write_cell;alloc::str::_$LT$impl$u20$alloc..slice..Join$LT$$RF$str$GT$$u20$for$u20$$u5b$S$u5d$$GT$::join;core::ptr::copy_nonoverlapping;compiler_rt.memcpy.copy16ToSmallLimit
master	13	herdr::protocol::render_ansi::tests::ansi_instruments_probe::_$u7b$$u7b$closure$u7d$$u7d$;herdr::protocol::render_ansi::BlitEncoder::encode;herdr::protocol::render_ansi::BlitEncoder::encode_inner;herdr::protocol::render_ansi::write_cell;herdr::protocol::render_ansi::build_sgr;alloc::fmt::format::_$u7b$$u7b$closure$u7d$$u7d$;_RNvXs_NvNtNtCsitGFVNq7Ifu_4core3fmt5Write9write_fmtQNtNtCsdBofyk9Yr2t_5alloc6string6StringNtB4_12SpecWriteFmt14spec_write_fmtBS_;_RNvMNtNtCsitGFVNq7Ifu_4core3fmt2rtNtB2_8Argument3fmt
master	13	herdr::protocol::render_ansi::tests::ansi_instruments_probe::_$u7b$$u7b$closure$u7d$$u7d$;herdr::protocol::render_ansi::BlitEncoder::encode;herdr::protocol::render_ansi::BlitEncoder::encode_inner;herdr::protocol::render_ansi::write_cell;herdr::protocol::render_ansi::build_sgr;alloc::fmt::format::_$u7b$$u7b$closure$u7d$$u7d$;_RNvXs_NvNtNtCsitGFVNq7Ifu_4core3fmt5Write9write_fmtQNtNtCsdBofyk9Yr2t_5alloc6string6StringNtB4_12SpecWriteFmt14spec_write_fmtBS_;_RNvMNtNtCsitGFVNq7Ifu_4core3fmt2rtNtB2_8Argument3fmt;_RNvXs8_NtNtNtCsitGFVNq7Ifu_4core3fmt3num3impmNtB9_7Display3fmt;_RINvNtCsitGFVNq7Ifu_4core3ptr19copy_nonoverlappinghECsdBofyk9Yr2t_5alloc;compiler_rt.memcpy.copySmallLength
master	13	herdr::protocol::render_ansi::tests::ansi_instruments_probe::_$u7b$$u7b$closure$u7d$$u7d$;herdr::protocol::render_ansi::BlitEncoder::encode;herdr::protocol::render_ansi::BlitEncoder::encode_inner;herdr::protocol::render_ansi::write_cell;herdr::protocol::render_ansi::build_sgr;alloc::fmt::format::_$u7b$$u7b$closure$u7d$$u7d$;_RNvXs_NvNtNtCsitGFVNq7Ifu_4core3fmt5Write9write_fmtQNtNtCsdBofyk9Yr2t_5alloc6string6StringNtB4_12SpecWriteFmt14spec_write_fmtBS_;_RNvNtCsitGFVNq7Ifu_4core3fmt5write;_RINvNtCsitGFVNq7Ifu_4core3ptr19copy_nonoverlappinghECsdBofyk9Yr2t_5alloc;compiler_rt.memcpy.copyLessThan16
master	12	herdr::protocol::render_ansi::tests::ansi_instruments_probe::_$u7b$$u7b$closure$u7d$$u7d$;herdr::protocol::render_ansi::BlitEncoder::encode;herdr::protocol::render_ansi::BlitEncoder::encode_inner;herdr::protocol::render_ansi::write_cell;_$LT$alloc..vec..into_iter..IntoIter$LT$T$C$A$GT$$u20$as$u20$core..iter..traits..iterator..Iterator$GT$::fold
master	12	herdr::protocol::render_ansi::tests::ansi_instruments_probe::_$u7b$$u7b$closure$u7d$$u7d$;herdr::protocol::render_ansi::BlitEncoder::encode;herdr::protocol::render_ansi::BlitEncoder::encode_inner;herdr::protocol::render_ansi::write_cell;alloc::fmt::format::_$u7b$$u7b$closure$u7d$$u7d$;_RNvXs_NvNtNtCsitGFVNq7Ifu_4core3fmt5Write9write_fmtQNtNtCsdBofyk9Yr2t_5alloc6string6StringNtB4_12SpecWriteFmt14spec_write_fmtBS_;_RNvMNtNtCsitGFVNq7Ifu_4core3fmt2rtNtB2_8Argument3fmt;_RINvNtCsitGFVNq7Ifu_4core3ptr19copy_nonoverlappinghECsdBofyk9Yr2t_5alloc;compiler_rt.memcpy.copy16ToSmallLimit
master	12	herdr::protocol::render_ansi::tests::ansi_instruments_probe::_$u7b$$u7b$closure$u7d$$u7d$;herdr::protocol::render_ansi::BlitEncoder::encode;herdr::protocol::render_ansi::BlitEncoder::encode_inner;herdr::protocol::render_ansi::write_cell;alloc::fmt::format::_$u7b$$u7b$closure$u7d$$u7d$;_RNvXs_NvNtNtCsitGFVNq7Ifu_4core3fmt5Write9write_fmtQNtNtCsdBofyk9Yr2t_5alloc6string6StringNtB4_12SpecWriteFmt14spec_write_fmtBS_;_RNvNtCsitGFVNq7Ifu_4core3fmt5write;_RNvMs2_NtCsdBofyk9Yr2t_5alloc7raw_vecNtB5_11RawVecInner7reserveB7_;_RNvMs4_NtCsdBofyk9Yr2t_5alloc7raw_vecNtB5_11RawVecInner14grow_amortizedB7_;_RNvNtCsdBofyk9Yr2t_5alloc5alloc15realloc_nonnull;_realloc;_malloc_zone_realloc;xzm_realloc;_xzm_free;DYLD-STUB$$_platform_bzero
master	12	herdr::protocol::render_ansi::tests::ansi_instruments_probe::_$u7b$$u7b$closure$u7d$$u7d$;herdr::protocol::render_ansi::BlitEncoder::encode;herdr::protocol::render_ansi::BlitEncoder::encode_inner;herdr::protocol::render_ansi::write_cell;alloc::str::_$LT$impl$u20$alloc..slice..Join$LT$$RF$str$GT$$u20$for$u20$$u5b$S$u5d$$GT$::join;_RNvNtCsdBofyk9Yr2t_5alloc5alloc5alloc;_RNvCs4SDFJOLwvtW_7___rustc11___rdl_alloc
master	12	herdr::protocol::render_ansi::tests::ansi_instruments_probe::_$u7b$$u7b$closure$u7d$$u7d$;herdr::protocol::render_ansi::BlitEncoder::encode;herdr::protocol::render_ansi::BlitEncoder::encode_inner;herdr::protocol::render_ansi::write_cell;alloc::vec::Vec$LT$T$C$A$GT$::push_mut;_RNvMs4_NtCsdBofyk9Yr2t_5alloc7raw_vecNtB5_11RawVecInner14grow_amortizedCscEX5ZwinSox_3std;_RNvNtCsdBofyk9Yr2t_5alloc5alloc15realloc_nonnull;_realloc;_malloc_zone_realloc;xzm_realloc;DYLD-STUB$$_platform_memmove
master	12	herdr::protocol::render_ansi::tests::ansi_instruments_probe::_$u7b$$u7b$closure$u7d$$u7d$;herdr::protocol::render_ansi::BlitEncoder::encode;herdr::protocol::render_ansi::BlitEncoder::encode_inner;herdr::protocol::render_ansi::write_cell;herdr::protocol::render_ansi::build_sgr;alloc::raw_vec::RawVecInner$LT$A$GT$::try_allocate_in;_RNvCs4SDFJOLwvtW_7___rustc35___rust_no_alloc_shim_is_unstable_v2
master	11	herdr::protocol::render_ansi::tests::ansi_instruments_probe::_$u7b$$u7b$closure$u7d$$u7d$;herdr::protocol::render_ansi::BlitEncoder::encode;herdr::protocol::render_ansi::BlitEncoder::encode_inner;herdr::protocol::render_ansi::write_cell;_$LT$core..iter..adapters..map..Map$LT$I$C$F$GT$$u20$as$u20$core..iter..traits..iterator..Iterator$GT$::fold;core::ptr::copy_nonoverlapping;compiler_rt.memcpy.copyLessThan16
master	11	herdr::protocol::render_ansi::tests::ansi_instruments_probe::_$u7b$$u7b$closure$u7d$$u7d$;herdr::protocol::render_ansi::BlitEncoder::encode;herdr::protocol::render_ansi::BlitEncoder::encode_inner;herdr::protocol::render_ansi::write_cell;_RNvNtCsdBofyk9Yr2t_5alloc5alloc5alloc;DYLD-STUB$$malloc
master	11	herdr::protocol::render_ansi::tests::ansi_instruments_probe::_$u7b$$u7b$closure$u7d$$u7d$;herdr::protocol::render_ansi::BlitEncoder::encode;herdr::protocol::render_ansi::BlitEncoder::encode_inner;herdr::protocol::render_ansi::write_cell;_RNvNvNtCsdBofyk9Yr2t_5alloc3fmt6format12format_inner
master	11	herdr::protocol::render_ansi::tests::ansi_instruments_probe::_$u7b$$u7b$closure$u7d$$u7d$;herdr::protocol::render_ansi::BlitEncoder::encode;herdr::protocol::render_ansi::BlitEncoder::encode_inner;herdr::protocol::render_ansi::write_cell;alloc::fmt::format::_$u7b$$u7b$closure$u7d$$u7d$;_RNvMs1_NtNtCsitGFVNq7Ifu_4core3ptr8non_nullINtB5_7NonNullhE3addCsdBofyk9Yr2t_5alloc
master	11	herdr::protocol::render_ansi::tests::ansi_instruments_probe::_$u7b$$u7b$closure$u7d$$u7d$;herdr::protocol::render_ansi::BlitEncoder::encode;herdr::protocol::render_ansi::BlitEncoder::encode_inner;herdr::protocol::render_ansi::write_cell;alloc::fmt::format::_$u7b$$u7b$closure$u7d$$u7d$;_RNvXs_NvNtNtCsitGFVNq7Ifu_4core3fmt5Write9write_fmtQNtNtCsdBofyk9Yr2t_5alloc6string6StringNtB4_12SpecWriteFmt14spec_write_fmtBS_;_RNvMNtNtCsitGFVNq7Ifu_4core3fmt2rtNtB2_8Argument3fmt;_RINvNtCsitGFVNq7Ifu_4core3ptr19copy_nonoverlappinghECsdBofyk9Yr2t_5alloc;compiler_rt.memcpy.copySmallLength
master	11	herdr::protocol::render_ansi::tests::ansi_instruments_probe::_$u7b$$u7b$closure$u7d$$u7d$;herdr::protocol::render_ansi::BlitEncoder::encode;herdr::protocol::render_ansi::BlitEncoder::encode_inner;herdr::protocol::render_ansi::write_cell;alloc::fmt::format::_$u7b$$u7b$closure$u7d$$u7d$;_RNvXs_NvNtNtCsitGFVNq7Ifu_4core3fmt5Write9write_fmtQNtNtCsdBofyk9Yr2t_5alloc6string6StringNtB4_12SpecWriteFmt14spec_write_fmtBS_;_RNvMNtNtCsitGFVNq7Ifu_4core3fmt2rtNtB2_8Argument3fmt;_RNvMs2_NtCsdBofyk9Yr2t_5alloc7raw_vecNtB5_11RawVecInner7reserveB7_;_RNvMs4_NtCsdBofyk9Yr2t_5alloc7raw_vecNtB5_11RawVecInner14grow_amortizedB7_;_RNvNtCsdBofyk9Yr2t_5alloc5alloc15realloc_nonnull;DYLD-STUB$$realloc
master	11	herdr::protocol::render_ansi::tests::ansi_instruments_probe::_$u7b$$u7b$closure$u7d$$u7d$;herdr::protocol::render_ansi::BlitEncoder::encode;herdr::protocol::render_ansi::BlitEncoder::encode_inner;herdr::protocol::render_ansi::write_cell;alloc::fmt::format::_$u7b$$u7b$closure$u7d$$u7d$;_RNvXs_NvNtNtCsitGFVNq7Ifu_4core3fmt5Write9write_fmtQNtNtCsdBofyk9Yr2t_5alloc6string6StringNtB4_12SpecWriteFmt14spec_write_fmtBS_;_RNvMNtNtCsitGFVNq7Ifu_4core3fmt2rtNtB2_8Argument3fmt;_RNvMs2_NtCsdBofyk9Yr2t_5alloc7raw_vecNtB5_11RawVecInner7reserveB7_;_RNvMs4_NtCsdBofyk9Yr2t_5alloc7raw_vecNtB5_11RawVecInner14grow_amortizedB7_;_RNvNtCsdBofyk9Yr2t_5alloc5alloc15realloc_nonnull;_RNvXNtNtNtCscEX5ZwinSox_3std3sys5alloc4unixNtNtB8_5alloc6SystemNtNtNtCsitGFVNq7Ifu_4core5alloc6global11GlobalAlloc7realloc
master	11	herdr::protocol::render_ansi::tests::ansi_instruments_probe::_$u7b$$u7b$closure$u7d$$u7d$;herdr::protocol::render_ansi::BlitEncoder::encode;herdr::protocol::render_ansi::BlitEncoder::encode_inner;herdr::protocol::render_ansi::write_cell;alloc::fmt::format::_$u7b$$u7b$closure$u7d$$u7d$;_RNvXs_NvNtNtCsitGFVNq7Ifu_4core3fmt5Write9write_fmtQNtNtCsdBofyk9Yr2t_5alloc6string6StringNtB4_12SpecWriteFmt14spec_write_fmtBS_;_RNvMNtNtCsitGFVNq7Ifu_4core3fmt2rtNtB2_8Argument3fmt;_RNvMs2_NtCsdBofyk9Yr2t_5alloc7raw_vecNtB5_11RawVecInner7reserveB7_;_RNvMs4_NtCsdBofyk9Yr2t_5alloc7raw_vecNtB5_11RawVecInner14grow_amortizedB7_;_RNvNtCsdBofyk9Yr2t_5alloc5alloc15realloc_nonnull;xzm_malloc_zone_size
master	11	herdr::protocol::render_ansi::tests::ansi_instruments_probe::_$u7b$$u7b$closure$u7d$$u7d$;herdr::protocol::render_ansi::BlitEncoder::encode;herdr::protocol::render_ansi::BlitEncoder::encode_inner;herdr::protocol::render_ansi::write_cell;alloc::raw_vec::RawVecInner$LT$A$GT$::reserve;alloc::raw_vec::RawVecInner$LT$A$GT$::finish_grow
master	11	herdr::protocol::render_ansi::tests::ansi_instruments_probe::_$u7b$$u7b$closure$u7d$$u7d$;herdr::protocol::render_ansi::BlitEncoder::encode;herdr::protocol::render_ansi::BlitEncoder::encode_inner;herdr::protocol::render_ansi::write_cell;alloc::raw_vec::RawVecInner$LT$A$GT$::reserve;alloc::raw_vec::RawVecInner$LT$A$GT$::grow_amortized;_RNvMs9_NtCsitGFVNq7Ifu_4core3numj15overflowing_mul
master	11	herdr::protocol::render_ansi::tests::ansi_instruments_probe::_$u7b$$u7b$closure$u7d$$u7d$;herdr::protocol::render_ansi::BlitEncoder::encode;herdr::protocol::render_ansi::BlitEncoder::encode_inner;herdr::protocol::render_ansi::write_cell;alloc::raw_vec::RawVecInner$LT$A$GT$::reserve;alloc::raw_vec::RawVecInner$LT$A$GT$::grow_amortized;_RNvNtCsdBofyk9Yr2t_5alloc5alloc15realloc_nonnull;_RNvXNtNtNtCscEX5ZwinSox_3std3sys5alloc4unixNtNtB8_5alloc6SystemNtNtNtCsitGFVNq7Ifu_4core5alloc6global11GlobalAlloc7realloc
master	11	herdr::protocol::render_ansi::tests::ansi_instruments_probe::_$u7b$$u7b$closure$u7d$$u7d$;herdr::protocol::render_ansi::BlitEncoder::encode;herdr::protocol::render_ansi::BlitEncoder::encode_inner;herdr::protocol::render_ansi::write_cell;alloc::vec::Vec$LT$T$C$A$GT$::push_mut;_RNvMs4_NtCsdBofyk9Yr2t_5alloc7raw_vecNtB5_11RawVecInner14grow_amortizedCscEX5ZwinSox_3std;_RNvNtCsdBofyk9Yr2t_5alloc5alloc15realloc_nonnull;_malloc_zone_realloc
master	11	herdr::protocol::render_ansi::tests::ansi_instruments_probe::_$u7b$$u7b$closure$u7d$$u7d$;herdr::protocol::render_ansi::BlitEncoder::encode;herdr::protocol::render_ansi::BlitEncoder::encode_inner;herdr::protocol::render_ansi::write_cell;alloc::vec::Vec$LT$T$C$A$GT$::push_mut;_RNvMs4_NtCsdBofyk9Yr2t_5alloc7raw_vecNtB5_11RawVecInner14grow_amortizedCscEX5ZwinSox_3std;_realloc
master	11	herdr::protocol::render_ansi::tests::ansi_instruments_probe::_$u7b$$u7b$closure$u7d$$u7d$;herdr::protocol::render_ansi::BlitEncoder::encode;herdr::protocol::render_ansi::BlitEncoder::encode_inner;herdr::protocol::render_ansi::write_cell;herdr::protocol::render_ansi::build_sgr;alloc::fmt::format::_$u7b$$u7b$closure$u7d$$u7d$;_RNvNtCsdBofyk9Yr2t_5alloc5alloc5alloc;DYLD-STUB$$malloc
master	11	herdr::protocol::render_ansi::tests::ansi_instruments_probe::_$u7b$$u7b$closure$u7d$$u7d$;herdr::protocol::render_ansi::BlitEncoder::encode;herdr::protocol::render_ansi::BlitEncoder::encode_inner;herdr::protocol::render_ansi::write_cell;herdr::protocol::render_ansi::build_sgr;alloc::fmt::format::_$u7b$$u7b$closure$u7d$$u7d$;_RNvXs_NvNtNtCsitGFVNq7Ifu_4core3fmt5Write9write_fmtQNtNtCsdBofyk9Yr2t_5alloc6string6StringNtB4_12SpecWriteFmt14spec_write_fmtBS_;_RNvMNtNtCsitGFVNq7Ifu_4core3fmt2rtNtB2_8Argument3fmt;_RNvXs8_NtNtNtCsitGFVNq7Ifu_4core3fmt3num3impmNtB9_7Display3fmt;_RNvMs2_NtCsdBofyk9Yr2t_5alloc7raw_vecNtB5_11RawVecInner7reserveB7_;_RNvMs4_NtCsdBofyk9Yr2t_5alloc7raw_vecNtB5_11RawVecInner14grow_amortizedB7_;_RNvMs4_NtCsdBofyk9Yr2t_5alloc7raw_vecNtB5_11RawVecInner11finish_growB7_
master	11	herdr::protocol::render_ansi::tests::ansi_instruments_probe::_$u7b$$u7b$closure$u7d$$u7d$;herdr::protocol::render_ansi::BlitEncoder::encode;herdr::protocol::render_ansi::BlitEncoder::encode_inner;herdr::protocol::render_ansi::write_cell;herdr::protocol::render_ansi::build_sgr;alloc::fmt::format::_$u7b$$u7b$closure$u7d$$u7d$;_RNvXs_NvNtNtCsitGFVNq7Ifu_4core3fmt5Write9write_fmtQNtNtCsdBofyk9Yr2t_5alloc6string6StringNtB4_12SpecWriteFmt14spec_write_fmtBS_;_RNvNtCsitGFVNq7Ifu_4core3fmt5write;_RINvNtCsitGFVNq7Ifu_4core3ptr19copy_nonoverlappinghECsdBofyk9Yr2t_5alloc;compiler_rt.memcpy.copyFixedLength
master	11	herdr::protocol::render_ansi::tests::ansi_instruments_probe::_$u7b$$u7b$closure$u7d$$u7d$;herdr::protocol::render_ansi::BlitEncoder::encode;herdr::protocol::render_ansi::BlitEncoder::encode_inner;herdr::protocol::render_ansi::write_cell;herdr::protocol::render_ansi::build_sgr;alloc::vec::Vec$LT$T$C$A$GT$::push_mut;alloc::raw_vec::RawVecInner$LT$A$GT$::grow_amortized;_RNvNtCsdBofyk9Yr2t_5alloc5alloc5alloc;_RNvCs4SDFJOLwvtW_7___rustc11___rdl_alloc
master	10	herdr::protocol::render_ansi::tests::ansi_instruments_probe::_$u7b$$u7b$closure$u7d$$u7d$;herdr::protocol::render_ansi::BlitEncoder::encode;herdr::protocol::render_ansi::BlitEncoder::encode_inner;alloc::raw_vec::RawVecInner$LT$A$GT$::capacity
master	10	herdr::protocol::render_ansi::tests::ansi_instruments_probe::_$u7b$$u7b$closure$u7d$$u7d$;herdr::protocol::render_ansi::BlitEncoder::encode;herdr::protocol::render_ansi::BlitEncoder::encode_inner;herdr::protocol::render_ansi::write_cell;alloc::fmt::format::_$u7b$$u7b$closure$u7d$$u7d$;_RNvXs_NvNtNtCsitGFVNq7Ifu_4core3fmt5Write9write_fmtQNtNtCsdBofyk9Yr2t_5alloc6string6StringNtB4_12SpecWriteFmt14spec_write_fmtBS_;_RNvMNtNtCsitGFVNq7Ifu_4core3fmt2rtNtB2_8Argument3fmt;_RNvMs2_NtCsdBofyk9Yr2t_5alloc7raw_vecNtB5_11RawVecInner7reserveB7_;_RINvNvMs2_NtCsdBofyk9Yr2t_5alloc7raw_vecINtB8_11RawVecInnerpE7reserve21do_reserve_and_handleNtNtBa_5alloc6GlobalEBa_
master	10	herdr::protocol::render_ansi::tests::ansi_instruments_probe::_$u7b$$u7b$closure$u7d$$u7d$;herdr::protocol::render_ansi::BlitEncoder::encode;herdr::protocol::render_ansi::BlitEncoder::encode_inner;herdr::protocol::render_ansi::write_cell;alloc::fmt::format::_$u7b$$u7b$closure$u7d$$u7d$;_RNvXs_NvNtNtCsitGFVNq7Ifu_4core3fmt5Write9write_fmtQNtNtCsdBofyk9Yr2t_5alloc6string6StringNtB4_12SpecWriteFmt14spec_write_fmtBS_;_RNvMNtNtCsitGFVNq7Ifu_4core3fmt2rtNtB2_8Argument3fmt;_RNvMs2_NtCsdBofyk9Yr2t_5alloc7raw_vecNtB5_11RawVecInner7reserveB7_;_RNvMs4_NtCsdBofyk9Yr2t_5alloc7raw_vecNtB5_11RawVecInner11finish_growB7_
master	10	herdr::protocol::render_ansi::tests::ansi_instruments_probe::_$u7b$$u7b$closure$u7d$$u7d$;herdr::protocol::render_ansi::BlitEncoder::encode;herdr::protocol::render_ansi::BlitEncoder::encode_inner;herdr::protocol::render_ansi::write_cell;alloc::fmt::format::_$u7b$$u7b$closure$u7d$$u7d$;_RNvXs_NvNtNtCsitGFVNq7Ifu_4core3fmt5Write9write_fmtQNtNtCsdBofyk9Yr2t_5alloc6string6StringNtB4_12SpecWriteFmt14spec_write_fmtBS_;_RNvMNtNtCsitGFVNq7Ifu_4core3fmt2rtNtB2_8Argument3fmt;_RNvMs2_NtCsdBofyk9Yr2t_5alloc7raw_vecNtB5_11RawVecInner7reserveB7_;_RNvMs4_NtCsdBofyk9Yr2t_5alloc7raw_vecNtB5_11RawVecInner14grow_amortizedB7_;_realloc
master	10	herdr::protocol::render_ansi::tests::ansi_instruments_probe::_$u7b$$u7b$closure$u7d$$u7d$;herdr::protocol::render_ansi::BlitEncoder::encode;herdr::protocol::render_ansi::BlitEncoder::encode_inner;herdr::protocol::render_ansi::write_cell;alloc::fmt::format::_$u7b$$u7b$closure$u7d$$u7d$;_RNvXs_NvNtNtCsitGFVNq7Ifu_4core3fmt5Write9write_fmtQNtNtCsdBofyk9Yr2t_5alloc6string6StringNtB4_12SpecWriteFmt14spec_write_fmtBS_;_RNvNtCsitGFVNq7Ifu_4core3fmt5write;_RNvMs2_NtCsdBofyk9Yr2t_5alloc7raw_vecNtB5_11RawVecInner7reserveB7_;_RNvMs4_NtCsdBofyk9Yr2t_5alloc7raw_vecNtB5_11RawVecInner14grow_amortizedB7_;_RNvNtCsdBofyk9Yr2t_5alloc5alloc15realloc_nonnull;_malloc_zone_realloc
master	10	herdr::protocol::render_ansi::tests::ansi_instruments_probe::_$u7b$$u7b$closure$u7d$$u7d$;herdr::protocol::render_ansi::BlitEncoder::encode;herdr::protocol::render_ansi::BlitEncoder::encode_inner;herdr::protocol::render_ansi::write_cell;alloc::fmt::format::_$u7b$$u7b$closure$u7d$$u7d$;_RNvXs_NvNtNtCsitGFVNq7Ifu_4core3fmt5Write9write_fmtQNtNtCsdBofyk9Yr2t_5alloc6string6StringNtB4_12SpecWriteFmt14spec_write_fmtBS_;_RNvNtCsitGFVNq7Ifu_4core3fmt5write;_RNvMs2_NtCsdBofyk9Yr2t_5alloc7raw_vecNtB5_11RawVecInner7reserveB7_;_RNvMs4_NtCsdBofyk9Yr2t_5alloc7raw_vecNtB5_11RawVecInner14grow_amortizedB7_;_realloc
master	10	herdr::protocol::render_ansi::tests::ansi_instruments_probe::_$u7b$$u7b$closure$u7d$$u7d$;herdr::protocol::render_ansi::BlitEncoder::encode;herdr::protocol::render_ansi::BlitEncoder::encode_inner;herdr::protocol::render_ansi::write_cell;alloc::raw_vec::RawVecInner$LT$A$GT$::capacity
master	10	herdr::protocol::render_ansi::tests::ansi_instruments_probe::_$u7b$$u7b$closure$u7d$$u7d$;herdr::protocol::render_ansi::BlitEncoder::encode;herdr::protocol::render_ansi::BlitEncoder::encode_inner;herdr::protocol::render_ansi::write_cell;alloc::raw_vec::RawVecInner$LT$A$GT$::reserve;alloc::raw_vec::RawVecInner$LT$A$GT$::grow_amortized;_RNvNtCsdBofyk9Yr2t_5alloc5alloc15realloc_nonnull;DYLD-STUB$$realloc
master	10	herdr::protocol::render_ansi::tests::ansi_instruments_probe::_$u7b$$u7b$closure$u7d$$u7d$;herdr::protocol::render_ansi::BlitEncoder::encode;herdr::protocol::render_ansi::BlitEncoder::encode_inner;herdr::protocol::render_ansi::write_cell;alloc::raw_vec::RawVecInner$LT$A$GT$::reserve;alloc::raw_vec::RawVecInner$LT$A$GT$::grow_amortized;_RNvNtCsdBofyk9Yr2t_5alloc5alloc15realloc_nonnull;_realloc;_malloc_zone_realloc;_xzm_free
master	10	herdr::protocol::render_ansi::tests::ansi_instruments_probe::_$u7b$$u7b$closure$u7d$$u7d$;herdr::protocol::render_ansi::BlitEncoder::encode;herdr::protocol::render_ansi::BlitEncoder::encode_inner;herdr::protocol::render_ansi::write_cell;alloc::vec::Vec$LT$T$C$A$GT$::push_mut;_RNvMs4_NtCsdBofyk9Yr2t_5alloc7raw_vecNtB5_11RawVecInner11finish_growCscEX5ZwinSox_3std
master	10	herdr::protocol::render_ansi::tests::ansi_instruments_probe::_$u7b$$u7b$closure$u7d$$u7d$;herdr::protocol::render_ansi::BlitEncoder::encode;herdr::protocol::render_ansi::BlitEncoder::encode_inner;herdr::protocol::render_ansi::write_cell;alloc::vec::Vec$LT$T$C$A$GT$::push_mut;_RNvMs4_NtCsdBofyk9Yr2t_5alloc7raw_vecNtB5_11RawVecInner14grow_amortizedCscEX5ZwinSox_3std;_RNvMs4_NtCsdBofyk9Yr2t_5alloc7raw_vecNtB5_11RawVecInner11finish_growCscEX5ZwinSox_3std
master	10	herdr::protocol::render_ansi::tests::ansi_instruments_probe::_$u7b$$u7b$closure$u7d$$u7d$;herdr::protocol::render_ansi::BlitEncoder::encode;herdr::protocol::render_ansi::BlitEncoder::encode_inner;herdr::protocol::render_ansi::write_cell;alloc::vec::Vec$LT$T$C$A$GT$::push_mut;_RNvMs4_NtCsdBofyk9Yr2t_5alloc7raw_vecNtB5_11RawVecInner14grow_amortizedCscEX5ZwinSox_3std;_RNvMs9_NtCsitGFVNq7Ifu_4core3numj15overflowing_mul
master	10	herdr::protocol::render_ansi::tests::ansi_instruments_probe::_$u7b$$u7b$closure$u7d$$u7d$;herdr::protocol::render_ansi::BlitEncoder::encode;herdr::protocol::render_ansi::BlitEncoder::encode_inner;herdr::protocol::render_ansi::write_cell;core::ptr::drop_in_place$LT$$u5b$alloc..string..String$u5d$$GT$
master	10	herdr::protocol::render_ansi::tests::ansi_instruments_probe::_$u7b$$u7b$closure$u7d$$u7d$;herdr::protocol::render_ansi::BlitEncoder::encode;herdr::protocol::render_ansi::BlitEncoder::encode_inner;herdr::protocol::render_ansi::write_cell;herdr::protocol::render_ansi::write_hyperlink_if_changed
master	9	herdr::protocol::render_ansi::tests::ansi_instruments_probe::_$u7b$$u7b$closure$u7d$$u7d$;herdr::protocol::render_ansi::BlitEncoder::encode;herdr::protocol::render_ansi::BlitEncoder::encode_inner;_RNvNtCsdBofyk9Yr2t_5alloc5alloc15dealloc_nonnull;_xzm_free;__bzero
master	9	herdr::protocol::render_ansi::tests::ansi_instruments_probe::_$u7b$$u7b$closure$u7d$$u7d$;herdr::protocol::render_ansi::BlitEncoder::encode;herdr::protocol::render_ansi::BlitEncoder::encode_inner;alloc::raw_vec::RawVecInner$LT$A$GT$::reserve;alloc::raw_vec::RawVecInner$LT$A$GT$::grow_amortized;_RNvNtCsdBofyk9Yr2t_5alloc5alloc15realloc_nonnull;_realloc;_malloc_zone_realloc;xzm_realloc;_platform_memmove
master	9	herdr::protocol::render_ansi::tests::ansi_instruments_probe::_$u7b$$u7b$closure$u7d$$u7d$;herdr::protocol::render_ansi::BlitEncoder::encode;herdr::protocol::render_ansi::BlitEncoder::encode_inner;alloc::vec::Vec$LT$T$C$A$GT$::as_slice
master	9	herdr::protocol::render_ansi::tests::ansi_instruments_probe::_$u7b$$u7b$closure$u7d$$u7d$;herdr::protocol::render_ansi::BlitEncoder::encode;herdr::protocol::render_ansi::BlitEncoder::encode_inner;herdr::protocol::render_ansi::write_cell;_$LT$core..iter..adapters..map..Map$LT$I$C$F$GT$$u20$as$u20$core..iter..traits..iterator..Iterator$GT$::fold;core::ptr::copy_nonoverlapping;compiler_rt.memcpy.copySmallLength
master	9	herdr::protocol::render_ansi::tests::ansi_instruments_probe::_$u7b$$u7b$closure$u7d$$u7d$;herdr::protocol::render_ansi::BlitEncoder::encode;herdr::protocol::render_ansi::BlitEncoder::encode_inner;herdr::protocol::render_ansi::write_cell;alloc::fmt::format::_$u7b$$u7b$closure$u7d$$u7d$;_RNvXs_NvNtNtCsitGFVNq7Ifu_4core3fmt5Write9write_fmtQNtNtCsdBofyk9Yr2t_5alloc6string6StringNtB4_12SpecWriteFmt14spec_write_fmtBS_;_RNvMNtNtCsitGFVNq7Ifu_4core3fmt2rtNtB2_8Argument3fmt;_RNvMs2_NtCsdBofyk9Yr2t_5alloc7raw_vecNtB5_11RawVecInner7reserveB7_;_RNvMs4_NtCsdBofyk9Yr2t_5alloc7raw_vecNtB5_11RawVecInner14grow_amortizedB7_;_RNvNtCsdBofyk9Yr2t_5alloc5alloc15realloc_nonnull;_realloc;xzm_realloc
master	9	herdr::protocol::render_ansi::tests::ansi_instruments_probe::_$u7b$$u7b$closure$u7d$$u7d$;herdr::protocol::render_ansi::BlitEncoder::encode;herdr::protocol::render_ansi::BlitEncoder::encode_inner;herdr::protocol::render_ansi::write_cell;alloc::fmt::format::_$u7b$$u7b$closure$u7d$$u7d$;_RNvXs_NvNtNtCsitGFVNq7Ifu_4core3fmt5Write9write_fmtQNtNtCsdBofyk9Yr2t_5alloc6string6StringNtB4_12SpecWriteFmt14spec_write_fmtBS_;_RNvMs1_NtNtCsitGFVNq7Ifu_4core3ptr8non_nullINtB5_7NonNullhE3addB9_
master	9	herdr::protocol::render_ansi::tests::ansi_instruments_probe::_$u7b$$u7b$closure$u7d$$u7d$;herdr::protocol::render_ansi::BlitEncoder::encode;herdr::protocol::render_ansi::BlitEncoder::encode_inner;herdr::protocol::render_ansi::write_cell;alloc::fmt::format::_$u7b$$u7b$closure$u7d$$u7d$;_RNvXs_NvNtNtCsitGFVNq7Ifu_4core3fmt5Write9write_fmtQNtNtCsdBofyk9Yr2t_5alloc6string6StringNtB4_12SpecWriteFmt14spec_write_fmtBS_;_RNvNtCsitGFVNq7Ifu_4core3fmt5write;_RINvNvMs2_NtCsdBofyk9Yr2t_5alloc7raw_vecINtB8_11RawVecInnerpE7reserve21do_reserve_and_handleNtNtBa_5alloc6GlobalEBa_
master	9	herdr::protocol::render_ansi::tests::ansi_instruments_probe::_$u7b$$u7b$closure$u7d$$u7d$;herdr::protocol::render_ansi::BlitEncoder::encode;herdr::protocol::render_ansi::BlitEncoder::encode_inner;herdr::protocol::render_ansi::write_cell;alloc::fmt::format::_$u7b$$u7b$closure$u7d$$u7d$;_RNvXs_NvNtNtCsitGFVNq7Ifu_4core3fmt5Write9write_fmtQNtNtCsdBofyk9Yr2t_5alloc6string6StringNtB4_12SpecWriteFmt14spec_write_fmtBS_;_RNvXsp_NtCsitGFVNq7Ifu_4core6resultINtB5_6ResultuNtNtB7_3fmt5ErrorENtNtNtB7_3ops9try_trait3Try6branchB7_
master	9	herdr::protocol::render_ansi::tests::ansi_instruments_probe::_$u7b$$u7b$closure$u7d$$u7d$;herdr::protocol::render_ansi::BlitEncoder::encode;herdr::protocol::render_ansi::BlitEncoder::encode_inner;herdr::protocol::render_ansi::write_cell;alloc::raw_vec::RawVecInner$LT$A$GT$::reserve;alloc::raw_vec::RawVecInner$LT$A$GT$::grow_amortized;_RNvNtCsdBofyk9Yr2t_5alloc5alloc15realloc_nonnull;_malloc_zone_realloc
master	9	herdr::protocol::render_ansi::tests::ansi_instruments_probe::_$u7b$$u7b$closure$u7d$$u7d$;herdr::protocol::render_ansi::BlitEncoder::encode;herdr::protocol::render_ansi::BlitEncoder::encode_inner;herdr::protocol::render_ansi::write_cell;alloc::vec::Vec$LT$T$C$A$GT$::push_mut;_RNvMs4_NtCsdBofyk9Yr2t_5alloc7raw_vecNtB5_11RawVecInner14grow_amortizedCscEX5ZwinSox_3std;_RNvNtCsdBofyk9Yr2t_5alloc5alloc15realloc_nonnull;_realloc;_malloc_zone_realloc;default_zone_realloc
master	8	herdr::protocol::render_ansi::tests::ansi_instruments_probe::_$u7b$$u7b$closure$u7d$$u7d$;herdr::protocol::render_ansi::BlitEncoder::encode;herdr::protocol::render_ansi::BlitEncoder::encode_inner;core::ptr::copy_nonoverlapping;compiler_rt.memcpy.copyLessThan16
master	8	herdr::protocol::render_ansi::tests::ansi_instruments_probe::_$u7b$$u7b$closure$u7d$$u7d$;herdr::protocol::render_ansi::BlitEncoder::encode;herdr::protocol::render_ansi::BlitEncoder::encode_inner;herdr::protocol::render_ansi::write_cell;_$LT$core..iter..adapters..map..Map$LT$I$C$F$GT$$u20$as$u20$core..iter..traits..iterator..Iterator$GT$::fold;_RNvNtCsdBofyk9Yr2t_5alloc5alloc15dealloc_nonnull;_xzm_free;DYLD-STUB$$_platform_bzero
master	8	herdr::protocol::render_ansi::tests::ansi_instruments_probe::_$u7b$$u7b$closure$u7d$$u7d$;herdr::protocol::render_ansi::BlitEncoder::encode;herdr::protocol::render_ansi::BlitEncoder::encode_inner;herdr::protocol::render_ansi::write_cell;_RNvNtCsdBofyk9Yr2t_5alloc5alloc15dealloc_nonnull;_xzm_free;__bzero
master	8	herdr::protocol::render_ansi::tests::ansi_instruments_probe::_$u7b$$u7b$closure$u7d$$u7d$;herdr::protocol::render_ansi::BlitEncoder::encode;herdr::protocol::render_ansi::BlitEncoder::encode_inner;herdr::protocol::render_ansi::write_cell;alloc::fmt::format::_$u7b$$u7b$closure$u7d$$u7d$;_RNvXs_NvNtNtCsitGFVNq7Ifu_4core3fmt5Write9write_fmtQNtNtCsdBofyk9Yr2t_5alloc6string6StringNtB4_12SpecWriteFmt14spec_write_fmtBS_;_RNvMNtNtCsitGFVNq7Ifu_4core3fmt2rtNtB2_8Argument3fmt;_RNvMs2_NtCsdBofyk9Yr2t_5alloc7raw_vecNtB5_11RawVecInner8capacityB7_
master	8	herdr::protocol::render_ansi::tests::ansi_instruments_probe::_$u7b$$u7b$closure$u7d$$u7d$;herdr::protocol::render_ansi::BlitEncoder::encode;herdr::protocol::render_ansi::BlitEncoder::encode_inner;herdr::protocol::render_ansi::write_cell;alloc::fmt::format::_$u7b$$u7b$closure$u7d$$u7d$;_RNvXs_NvNtNtCsitGFVNq7Ifu_4core3fmt5Write9write_fmtQNtNtCsdBofyk9Yr2t_5alloc6string6StringNtB4_12SpecWriteFmt14spec_write_fmtBS_;_RNvNtCsitGFVNq7Ifu_4core3fmt5write;_RNvMs2_NtCsdBofyk9Yr2t_5alloc7raw_vecNtB5_11RawVecInner7reserveB7_;_RNvMs4_NtCsdBofyk9Yr2t_5alloc7raw_vecNtB5_11RawVecInner11finish_growB7_
master	8	herdr::protocol::render_ansi::tests::ansi_instruments_probe::_$u7b$$u7b$closure$u7d$$u7d$;herdr::protocol::render_ansi::BlitEncoder::encode;herdr::protocol::render_ansi::BlitEncoder::encode_inner;herdr::protocol::render_ansi::write_cell;alloc::fmt::format::_$u7b$$u7b$closure$u7d$$u7d$;_RNvXs_NvNtNtCsitGFVNq7Ifu_4core3fmt5Write9write_fmtQNtNtCsdBofyk9Yr2t_5alloc6string6StringNtB4_12SpecWriteFmt14spec_write_fmtBS_;_RNvNtCsitGFVNq7Ifu_4core3fmt5write;_RNvMs2_NtCsdBofyk9Yr2t_5alloc7raw_vecNtB5_11RawVecInner7reserveB7_;_RNvMs4_NtCsdBofyk9Yr2t_5alloc7raw_vecNtB5_11RawVecInner14grow_amortizedB7_;_RNvNtCsdBofyk9Yr2t_5alloc5alloc15realloc_nonnull;_RNvXNtNtNtCscEX5ZwinSox_3std3sys5alloc4unixNtNtB8_5alloc6SystemNtNtNtCsitGFVNq7Ifu_4core5alloc6global11GlobalAlloc7realloc
master	8	herdr::protocol::render_ansi::tests::ansi_instruments_probe::_$u7b$$u7b$closure$u7d$$u7d$;herdr::protocol::render_ansi::BlitEncoder::encode;herdr::protocol::render_ansi::BlitEncoder::encode_inner;herdr::protocol::render_ansi::write_cell;alloc::raw_vec::RawVecInner$LT$A$GT$::reserve;alloc::raw_vec::RawVecInner$LT$A$GT$::reserve::do_reserve_and_handle
master	8	herdr::protocol::render_ansi::tests::ansi_instruments_probe::_$u7b$$u7b$closure$u7d$$u7d$;herdr::protocol::render_ansi::BlitEncoder::encode;herdr::protocol::render_ansi::BlitEncoder::encode_inner;herdr::protocol::render_ansi::write_cell;alloc::str::_$LT$impl$u20$alloc..slice..Join$LT$$RF$str$GT$$u20$for$u20$$u5b$S$u5d$$GT$::join;_RNvNtCsdBofyk9Yr2t_5alloc5alloc5alloc;DYLD-STUB$$malloc
master	8	herdr::protocol::render_ansi::tests::ansi_instruments_probe::_$u7b$$u7b$closure$u7d$$u7d$;herdr::protocol::render_ansi::BlitEncoder::encode;herdr::protocol::render_ansi::BlitEncoder::encode_inner;herdr::protocol::render_ansi::write_cell;alloc::str::_$LT$impl$u20$alloc..slice..Join$LT$$RF$str$GT$$u20$for$u20$$u5b$S$u5d$$GT$::join;core::ptr::const_ptr::_$LT$impl$u20$$BP$const$u20$T$GT$::offset_from_unsigned
master	8	herdr::protocol::render_ansi::tests::ansi_instruments_probe::_$u7b$$u7b$closure$u7d$$u7d$;herdr::protocol::render_ansi::BlitEncoder::encode;herdr::protocol::render_ansi::BlitEncoder::encode_inner;herdr::protocol::render_ansi::write_cell;alloc::vec::Vec$LT$T$C$A$GT$::push_mut;_RNvMs4_NtCsdBofyk9Yr2t_5alloc7raw_vecNtB5_11RawVecInner14grow_amortizedCscEX5ZwinSox_3std;_RNvNtCsdBofyk9Yr2t_5alloc5alloc15realloc_nonnull;_realloc;_malloc_zone_realloc;xzm_realloc;_xzm_free;DYLD-STUB$$_platform_bzero
master	8	herdr::protocol::render_ansi::tests::ansi_instruments_probe::_$u7b$$u7b$closure$u7d$$u7d$;herdr::protocol::render_ansi::BlitEncoder::encode;herdr::protocol::render_ansi::BlitEncoder::encode_inner;herdr::protocol::render_ansi::write_cell;alloc::vec::Vec$LT$T$C$A$GT$::push_mut;_RNvMs4_NtCsdBofyk9Yr2t_5alloc7raw_vecNtB5_11RawVecInner14grow_amortizedCscEX5ZwinSox_3std;_RNvNtCsdBofyk9Yr2t_5alloc5alloc15realloc_nonnull;_realloc;_malloc_zone_realloc;xzm_realloc;_xzm_free;__bzero
master	8	herdr::protocol::render_ansi::tests::ansi_instruments_probe::_$u7b$$u7b$closure$u7d$$u7d$;herdr::protocol::render_ansi::BlitEncoder::encode;herdr::protocol::render_ansi::BlitEncoder::encode_inner;herdr::protocol::render_ansi::write_cell;alloc::vec::Vec$LT$T$C$A$GT$::push_mut;_RNvMs4_NtCsdBofyk9Yr2t_5alloc7raw_vecNtB5_11RawVecInner14grow_amortizedCscEX5ZwinSox_3std;_RNvNtCsdBofyk9Yr2t_5alloc5alloc15realloc_nonnull;_realloc;_malloc_zone_realloc;xzm_realloc;_xzm_free;_platform_memset
master	8	herdr::protocol::render_ansi::tests::ansi_instruments_probe::_$u7b$$u7b$closure$u7d$$u7d$;herdr::protocol::render_ansi::BlitEncoder::encode;herdr::protocol::render_ansi::BlitEncoder::encode_inner;herdr::protocol::render_ansi::write_cell;core::option::Option$LT$T$GT$::as_ref
master	8	herdr::protocol::render_ansi::tests::ansi_instruments_probe::_$u7b$$u7b$closure$u7d$$u7d$;herdr::protocol::render_ansi::BlitEncoder::encode;herdr::protocol::render_ansi::BlitEncoder::encode_inner;herdr::protocol::render_ansi::write_cell;herdr::protocol::render_ansi::build_sgr;alloc::fmt::format::_$u7b$$u7b$closure$u7d$$u7d$;_RNvXs_NvNtNtCsitGFVNq7Ifu_4core3fmt5Write9write_fmtQNtNtCsdBofyk9Yr2t_5alloc6string6StringNtB4_12SpecWriteFmt14spec_write_fmtBS_;_RNvMNtNtCsitGFVNq7Ifu_4core3fmt2rtNtB2_8Argument3fmt;_RNvXs8_NtNtNtCsitGFVNq7Ifu_4core3fmt3num3impmNtB9_7Display3fmt;_RNvMs2_NtCsdBofyk9Yr2t_5alloc7raw_vecNtB5_11RawVecInner7reserveB7_;_RINvNvMs2_NtCsdBofyk9Yr2t_5alloc7raw_vecINtB8_11RawVecInnerpE7reserve21do_reserve_and_handleNtNtBa_5alloc6GlobalEBa_
master	8	herdr::protocol::render_ansi::tests::ansi_instruments_probe::_$u7b$$u7b$closure$u7d$$u7d$;herdr::protocol::render_ansi::BlitEncoder::encode;herdr::protocol::render_ansi::BlitEncoder::encode_inner;herdr::protocol::render_ansi::write_cell;herdr::protocol::render_ansi::build_sgr;alloc::raw_vec::RawVec$LT$T$C$A$GT$::grow_one
master	8	herdr::protocol::render_ansi::tests::ansi_instruments_probe::_$u7b$$u7b$closure$u7d$$u7d$;herdr::protocol::render_ansi::BlitEncoder::encode;herdr::protocol::render_ansi::BlitEncoder::encode_inner;herdr::protocol::render_ansi::write_cell;herdr::protocol::render_ansi::color_to_sgr_bg
master	8	herdr::protocol::render_ansi::tests::ansi_instruments_probe::_$u7b$$u7b$closure$u7d$$u7d$;herdr::protocol::render_ansi::BlitEncoder::encode;herdr::protocol::render_ansi::BlitEncoder::encode_inner;herdr::protocol::render_ansi::write_cell;herdr::protocol::render_ansi::color_to_sgr_fg
master	7	herdr::protocol::render_ansi::tests::ansi_instruments_probe::_$u7b$$u7b$closure$u7d$$u7d$;herdr::protocol::render_ansi::BlitEncoder::encode;herdr::protocol::render_ansi::BlitEncoder::encode_inner;_$LT$A$u20$as$u20$core..slice..cmp..SlicePartialEq$LT$B$GT$$GT$::equal_same_length
master	7	herdr::protocol::render_ansi::tests::ansi_instruments_probe::_$u7b$$u7b$closure$u7d$$u7d$;herdr::protocol::render_ansi::BlitEncoder::encode;herdr::protocol::render_ansi::BlitEncoder::encode_inner;alloc::raw_vec::RawVecInner$LT$A$GT$::reserve;alloc::raw_vec::RawVecInner$LT$A$GT$::grow_amortized;_RNvNtCsdBofyk9Yr2t_5alloc5alloc15realloc_nonnull;_realloc;_malloc_zone_realloc;xzm_realloc;xzm_segment_group_try_realloc_large_chunk;_xzm_segment_group_span_mark_smaller;_xzm_reclaim_mark_used_locked;mach_vm_reclaim_try_cancel;mach_absolute_time
master	7	herdr::protocol::render_ansi::tests::ansi_instruments_probe::_$u7b$$u7b$closure$u7d$$u7d$;herdr::protocol::render_ansi::BlitEncoder::encode;herdr::protocol::render_ansi::BlitEncoder::encode_inner;herdr::protocol::render_ansi::write_cell;alloc::fmt::format::_$u7b$$u7b$closure$u7d$$u7d$;_RNvXs_NvNtNtCsitGFVNq7Ifu_4core3fmt5Write9write_fmtQNtNtCsdBofyk9Yr2t_5alloc6string6StringNtB4_12SpecWriteFmt14spec_write_fmtBS_;_RNvMNtNtCsitGFVNq7Ifu_4core3fmt2rtNtB2_8Argument3fmt
master	7	herdr::protocol::render_ansi::tests::ansi_instruments_probe::_$u7b$$u7b$closure$u7d$$u7d$;herdr::protocol::render_ansi::BlitEncoder::encode;herdr::protocol::render_ansi::BlitEncoder::encode_inner;herdr::protocol::render_ansi::write_cell;alloc::fmt::format::_$u7b$$u7b$closure$u7d$$u7d$;_RNvXs_NvNtNtCsitGFVNq7Ifu_4core3fmt5Write9write_fmtQNtNtCsdBofyk9Yr2t_5alloc6string6StringNtB4_12SpecWriteFmt14spec_write_fmtBS_;_RNvMNtNtCsitGFVNq7Ifu_4core3fmt2rtNtB2_8Argument3fmt;_RNvMs2_NtCsdBofyk9Yr2t_5alloc7raw_vecNtB5_11RawVecInner7reserveB7_;_RNvMs4_NtCsdBofyk9Yr2t_5alloc7raw_vecNtB5_11RawVecInner14grow_amortizedB7_;_RNvNtCsdBofyk9Yr2t_5alloc5alloc15realloc_nonnull;_realloc;_malloc_zone_realloc;default_zone_realloc
master	7	herdr::protocol::render_ansi::tests::ansi_instruments_probe::_$u7b$$u7b$closure$u7d$$u7d$;herdr::protocol::render_ansi::BlitEncoder::encode;herdr::protocol::render_ansi::BlitEncoder::encode_inner;herdr::protocol::render_ansi::write_cell;alloc::fmt::format::_$u7b$$u7b$closure$u7d$$u7d$;_RNvXs_NvNtNtCsitGFVNq7Ifu_4core3fmt5Write9write_fmtQNtNtCsdBofyk9Yr2t_5alloc6string6StringNtB4_12SpecWriteFmt14spec_write_fmtBS_;_RNvNtCsitGFVNq7Ifu_4core3fmt5write;_RNvMs2_NtCsdBofyk9Yr2t_5alloc7raw_vecNtB5_11RawVecInner7reserveB7_;_RNvMs4_NtCsdBofyk9Yr2t_5alloc7raw_vecNtB5_11RawVecInner14grow_amortizedB7_;_RNvNtCsdBofyk9Yr2t_5alloc5alloc15realloc_nonnull;DYLD-STUB$$realloc
master	7	herdr::protocol::render_ansi::tests::ansi_instruments_probe::_$u7b$$u7b$closure$u7d$$u7d$;herdr::protocol::render_ansi::BlitEncoder::encode;herdr::protocol::render_ansi::BlitEncoder::encode_inner;herdr::protocol::render_ansi::write_cell;alloc::fmt::format::_$u7b$$u7b$closure$u7d$$u7d$;_RNvXs_NvNtNtCsitGFVNq7Ifu_4core3fmt5Write9write_fmtQNtNtCsdBofyk9Yr2t_5alloc6string6StringNtB4_12SpecWriteFmt14spec_write_fmtBS_;_RNvNtCsitGFVNq7Ifu_4core3fmt5write;_RNvMs2_NtCsdBofyk9Yr2t_5alloc7raw_vecNtB5_11RawVecInner7reserveB7_;_RNvMs4_NtCsdBofyk9Yr2t_5alloc7raw_vecNtB5_11RawVecInner14grow_amortizedB7_;_RNvNtCsdBofyk9Yr2t_5alloc5alloc15realloc_nonnull;_realloc;_malloc_zone_realloc;default_zone_realloc
master	7	herdr::protocol::render_ansi::tests::ansi_instruments_probe::_$u7b$$u7b$closure$u7d$$u7d$;herdr::protocol::render_ansi::BlitEncoder::encode;herdr::protocol::render_ansi::BlitEncoder::encode_inner;herdr::protocol::render_ansi::write_cell;alloc::str::_$LT$impl$u20$alloc..slice..Join$LT$$RF$str$GT$$u20$for$u20$$u5b$S$u5d$$GT$::join;_RNvMs9_NtCsitGFVNq7Ifu_4core3numj15overflowing_mul
master	7	herdr::protocol::render_ansi::tests::ansi_instruments_probe::_$u7b$$u7b$closure$u7d$$u7d$;herdr::protocol::render_ansi::BlitEncoder::encode;herdr::protocol::render_ansi::BlitEncoder::encode_inner;herdr::protocol::render_ansi::write_cell;alloc::str::_$LT$impl$u20$alloc..slice..Join$LT$$RF$str$GT$$u20$for$u20$$u5b$S$u5d$$GT$::join;_RNvNtCsitGFVNq7Ifu_4core10intrinsics8unlikely
master	7	herdr::protocol::render_ansi::tests::ansi_instruments_probe::_$u7b$$u7b$closure$u7d$$u7d$;herdr::protocol::render_ansi::BlitEncoder::encode;herdr::protocol::render_ansi::BlitEncoder::encode_inner;herdr::protocol::render_ansi::write_cell;herdr::protocol::render_ansi::build_sgr;_RNvNtCsdBofyk9Yr2t_5alloc5alloc5alloc
master	7	herdr::protocol::render_ansi::tests::ansi_instruments_probe::_$u7b$$u7b$closure$u7d$$u7d$;herdr::protocol::render_ansi::BlitEncoder::encode;herdr::protocol::render_ansi::BlitEncoder::encode_inner;herdr::protocol::render_ansi::write_cell;herdr::protocol::render_ansi::build_sgr;alloc::vec::Vec$LT$T$C$A$GT$::push_mut;alloc::raw_vec::RawVecInner$LT$A$GT$::grow_amortized;_RNvMs9_NtCsitGFVNq7Ifu_4core3numj15overflowing_mul
master	7	herdr::protocol::render_ansi::tests::ansi_instruments_probe::_$u7b$$u7b$closure$u7d$$u7d$;herdr::protocol::render_ansi::BlitEncoder::encode;herdr::protocol::render_ansi::BlitEncoder::encode_inner;herdr::protocol::render_ansi::write_cell;herdr::protocol::render_ansi::build_sgr;alloc::vec::Vec$LT$T$C$A$GT$::push_mut;alloc::raw_vec::RawVecInner$LT$A$GT$::grow_amortized;_RNvNtCsitGFVNq7Ifu_4core10intrinsics8unlikely
master	6	herdr::protocol::render_ansi::tests::ansi_instruments_probe::_$u7b$$u7b$closure$u7d$$u7d$;herdr::protocol::render_ansi::BlitEncoder::encode;herdr::protocol::render_ansi::BlitEncoder::encode_inner;alloc::raw_vec::RawVecInner$LT$A$GT$::non_null
master	6	herdr::protocol::render_ansi::tests::ansi_instruments_probe::_$u7b$$u7b$closure$u7d$$u7d$;herdr::protocol::render_ansi::BlitEncoder::encode;herdr::protocol::render_ansi::BlitEncoder::encode_inner;herdr::protocol::render_ansi::build_sgr
master	6	herdr::protocol::render_ansi::tests::ansi_instruments_probe::_$u7b$$u7b$closure$u7d$$u7d$;herdr::protocol::render_ansi::BlitEncoder::encode;herdr::protocol::render_ansi::BlitEncoder::encode_inner;herdr::protocol::render_ansi::write_cell
master	6	herdr::protocol::render_ansi::tests::ansi_instruments_probe::_$u7b$$u7b$closure$u7d$$u7d$;herdr::protocol::render_ansi::BlitEncoder::encode;herdr::protocol::render_ansi::BlitEncoder::encode_inner;herdr::protocol::render_ansi::write_cell;_$LT$core..iter..adapters..map..Map$LT$I$C$F$GT$$u20$as$u20$core..iter..traits..iterator..Iterator$GT$::fold;_RNvMNtNtCsdBofyk9Yr2t_5alloc3vec15set_len_on_dropNtB2_12SetLenOnDrop13increment_len
master	6	herdr::protocol::render_ansi::tests::ansi_instruments_probe::_$u7b$$u7b$closure$u7d$$u7d$;herdr::protocol::render_ansi::BlitEncoder::encode;herdr::protocol::render_ansi::BlitEncoder::encode_inner;herdr::protocol::render_ansi::write_cell;alloc::fmt::format::_$u7b$$u7b$closure$u7d$$u7d$;_RNvMs3_NtCsitGFVNq7Ifu_4core3fmtNtB5_9Arguments18estimated_capacity
master	6	herdr::protocol::render_ansi::tests::ansi_instruments_probe::_$u7b$$u7b$closure$u7d$$u7d$;herdr::protocol::render_ansi::BlitEncoder::encode;herdr::protocol::render_ansi::BlitEncoder::encode_inner;herdr::protocol::render_ansi::write_cell;alloc::fmt::format::_$u7b$$u7b$closure$u7d$$u7d$;_RNvXs_NvNtNtCsitGFVNq7Ifu_4core3fmt5Write9write_fmtQNtNtCsdBofyk9Yr2t_5alloc6string6StringNtB4_12SpecWriteFmt14spec_write_fmtBS_;_RNvMNtNtCsitGFVNq7Ifu_4core3fmt2rtNtB2_8Argument3fmt;_RINvNvMs2_NtCsdBofyk9Yr2t_5alloc7raw_vecINtB8_11RawVecInnerpE7reserve21do_reserve_and_handleNtNtBa_5alloc6GlobalEBa_
master	6	herdr::protocol::render_ansi::tests::ansi_instruments_probe::_$u7b$$u7b$closure$u7d$$u7d$;herdr::protocol::render_ansi::BlitEncoder::encode;herdr::protocol::render_ansi::BlitEncoder::encode_inner;herdr::protocol::render_ansi::write_cell;alloc::raw_vec::RawVecInner$LT$A$GT$::reserve;_$LT$core..result..Result$LT$T$C$E$GT$$u20$as$u20$core..ops..try_trait..Try$GT$::branch
master	6	herdr::protocol::render_ansi::tests::ansi_instruments_probe::_$u7b$$u7b$closure$u7d$$u7d$;herdr::protocol::render_ansi::BlitEncoder::encode;herdr::protocol::render_ansi::BlitEncoder::encode_inner;herdr::protocol::render_ansi::write_cell;alloc::raw_vec::RawVecInner$LT$A$GT$::try_allocate_in;_RNvCs4SDFJOLwvtW_7___rustc35___rust_no_alloc_shim_is_unstable_v2
master	6	herdr::protocol::render_ansi::tests::ansi_instruments_probe::_$u7b$$u7b$closure$u7d$$u7d$;herdr::protocol::render_ansi::BlitEncoder::encode;herdr::protocol::render_ansi::BlitEncoder::encode_inner;herdr::protocol::render_ansi::write_cell;alloc::str::_$LT$impl$u20$alloc..slice..Join$LT$$RF$str$GT$$u20$for$u20$$u5b$S$u5d$$GT$::join;alloc::raw_vec::RawVecInner$LT$A$GT$::reserve
master	6	herdr::protocol::render_ansi::tests::ansi_instruments_probe::_$u7b$$u7b$closure$u7d$$u7d$;herdr::protocol::render_ansi::BlitEncoder::encode;herdr::protocol::render_ansi::BlitEncoder::encode_inner;herdr::protocol::render_ansi::write_cell;alloc::str::_$LT$impl$u20$alloc..slice..Join$LT$$RF$str$GT$$u20$for$u20$$u5b$S$u5d$$GT$::join;alloc::raw_vec::RawVecInner$LT$A$GT$::try_allocate_in;_RNvCs4SDFJOLwvtW_7___rustc35___rust_no_alloc_shim_is_unstable_v2
master	6	herdr::protocol::render_ansi::tests::ansi_instruments_probe::_$u7b$$u7b$closure$u7d$$u7d$;herdr::protocol::render_ansi::BlitEncoder::encode;herdr::protocol::render_ansi::BlitEncoder::encode_inner;herdr::protocol::render_ansi::write_cell;alloc::vec::Vec$LT$T$C$A$GT$::push_mut;_RNvMs3_NtCsdBofyk9Yr2t_5alloc7raw_vecINtB5_6RawVecINtNtNtCsagj8LO2dWHU_5gimli4read4unit14AttributeValueINtNtBR_12endian_slice11EndianSliceNtNtBT_9endianity12LittleEndianEjEE8grow_oneCscEX5ZwinSox_3std
master	6	herdr::protocol::render_ansi::tests::ansi_instruments_probe::_$u7b$$u7b$closure$u7d$$u7d$;herdr::protocol::render_ansi::BlitEncoder::encode;herdr::protocol::render_ansi::BlitEncoder::encode_inner;herdr::protocol::render_ansi::write_cell;alloc::vec::Vec$LT$T$C$A$GT$::push_mut;_RNvMs4_NtCsdBofyk9Yr2t_5alloc7raw_vecNtB5_11RawVecInner14grow_amortizedCscEX5ZwinSox_3std;_RNvNtCsdBofyk9Yr2t_5alloc5alloc15realloc_nonnull;_realloc;xzm_realloc
master	6	herdr::protocol::render_ansi::tests::ansi_instruments_probe::_$u7b$$u7b$closure$u7d$$u7d$;herdr::protocol::render_ansi::BlitEncoder::encode;herdr::protocol::render_ansi::BlitEncoder::encode_inner;herdr::protocol::render_ansi::write_cell;core::iter::adapters::map::Map$LT$I$C$F$GT$::new
master	6	herdr::protocol::render_ansi::tests::ansi_instruments_probe::_$u7b$$u7b$closure$u7d$$u7d$;herdr::protocol::render_ansi::BlitEncoder::encode;herdr::protocol::render_ansi::BlitEncoder::encode_inner;herdr::protocol::render_ansi::write_cell;herdr::protocol::render_ansi::build_sgr;_RNvNvNtCsdBofyk9Yr2t_5alloc3fmt6format12format_inner
master	6	herdr::protocol::render_ansi::tests::ansi_instruments_probe::_$u7b$$u7b$closure$u7d$$u7d$;herdr::protocol::render_ansi::BlitEncoder::encode;herdr::protocol::render_ansi::BlitEncoder::encode_inner;herdr::protocol::render_ansi::write_cell;herdr::protocol::render_ansi::build_sgr;alloc::vec::Vec$LT$T$C$A$GT$::push_mut;alloc::raw_vec::RawVecInner$LT$A$GT$::finish_grow
master	6	herdr::protocol::render_ansi::tests::ansi_instruments_probe::_$u7b$$u7b$closure$u7d$$u7d$;herdr::protocol::render_ansi::BlitEncoder::encode;herdr::protocol::render_ansi::BlitEncoder::encode_inner;herdr::protocol::render_ansi::write_cell;herdr::protocol::render_ansi::build_sgr;alloc::vec::Vec$LT$T$C$A$GT$::push_mut;alloc::raw_vec::RawVecInner$LT$A$GT$::grow_amortized;alloc::raw_vec::RawVecInner$LT$A$GT$::finish_grow
master	6	herdr::protocol::render_ansi::tests::ansi_instruments_probe::_$u7b$$u7b$closure$u7d$$u7d$;herdr::protocol::render_ansi::BlitEncoder::encode;herdr::protocol::render_ansi::BlitEncoder::encode_inner;herdr::protocol::render_ansi::write_cell;herdr::protocol::render_ansi::build_sgr;alloc::vec::Vec$LT$T$GT$::new
master	5	herdr::protocol::render_ansi::tests::ansi_instruments_probe::_$u7b$$u7b$closure$u7d$$u7d$;herdr::protocol::render_ansi::BlitEncoder::encode;herdr::protocol::render_ansi::BlitEncoder::encode_inner;herdr::protocol::render_ansi::write_cell;alloc::fmt::format::_$u7b$$u7b$closure$u7d$$u7d$;_RNvNtCsdBofyk9Yr2t_5alloc5alloc5alloc;DYLD-STUB$$malloc
master	5	herdr::protocol::render_ansi::tests::ansi_instruments_probe::_$u7b$$u7b$closure$u7d$$u7d$;herdr::protocol::render_ansi::BlitEncoder::encode;herdr::protocol::render_ansi::BlitEncoder::encode_inner;herdr::protocol::render_ansi::write_cell;alloc::fmt::format::_$u7b$$u7b$closure$u7d$$u7d$;_RNvXs_NvNtNtCsitGFVNq7Ifu_4core3fmt5Write9write_fmtQNtNtCsdBofyk9Yr2t_5alloc6string6StringNtB4_12SpecWriteFmt14spec_write_fmtBS_;_RNvMNtNtCsitGFVNq7Ifu_4core3fmt2rtNtB2_8Argument3fmt;_RNvMs2_NtCsdBofyk9Yr2t_5alloc7raw_vecNtB5_11RawVecInner7reserveB7_;_RNvMs4_NtCsdBofyk9Yr2t_5alloc7raw_vecNtB5_11RawVecInner14grow_amortizedB7_;_RNvNtCsdBofyk9Yr2t_5alloc5alloc15realloc_nonnull;_realloc;_malloc_zone_realloc;_xzm_free
master	5	herdr::protocol::render_ansi::tests::ansi_instruments_probe::_$u7b$$u7b$closure$u7d$$u7d$;herdr::protocol::render_ansi::BlitEncoder::encode;herdr::protocol::render_ansi::BlitEncoder::encode_inner;herdr::protocol::render_ansi::write_cell;alloc::fmt::format::_$u7b$$u7b$closure$u7d$$u7d$;_RNvXs_NvNtNtCsitGFVNq7Ifu_4core3fmt5Write9write_fmtQNtNtCsdBofyk9Yr2t_5alloc6string6StringNtB4_12SpecWriteFmt14spec_write_fmtBS_;_RNvNtCsitGFVNq7Ifu_4core3fmt5write;_RNvMs2_NtCsdBofyk9Yr2t_5alloc7raw_vecNtB5_11RawVecInner7reserveB7_;_RINvNvMs2_NtCsdBofyk9Yr2t_5alloc7raw_vecINtB8_11RawVecInnerpE7reserve21do_reserve_and_handleNtNtBa_5alloc6GlobalEBa_
master	5	herdr::protocol::render_ansi::tests::ansi_instruments_probe::_$u7b$$u7b$closure$u7d$$u7d$;herdr::protocol::render_ansi::BlitEncoder::encode;herdr::protocol::render_ansi::BlitEncoder::encode_inner;herdr::protocol::render_ansi::write_cell;alloc::fmt::format::_$u7b$$u7b$closure$u7d$$u7d$;_RNvXs_NvNtNtCsitGFVNq7Ifu_4core3fmt5Write9write_fmtQNtNtCsdBofyk9Yr2t_5alloc6string6StringNtB4_12SpecWriteFmt14spec_write_fmtBS_;_RNvNtCsitGFVNq7Ifu_4core3fmt5write;_RNvMs2_NtCsdBofyk9Yr2t_5alloc7raw_vecNtB5_11RawVecInner7reserveB7_;_RNvMs4_NtCsdBofyk9Yr2t_5alloc7raw_vecNtB5_11RawVecInner14grow_amortizedB7_;_RNvNtCsdBofyk9Yr2t_5alloc5alloc15realloc_nonnull;_realloc;xzm_realloc
master	5	herdr::protocol::render_ansi::tests::ansi_instruments_probe::_$u7b$$u7b$closure$u7d$$u7d$;herdr::protocol::render_ansi::BlitEncoder::encode;herdr::protocol::render_ansi::BlitEncoder::encode_inner;herdr::protocol::render_ansi::write_cell;alloc::fmt::format::_$u7b$$u7b$closure$u7d$$u7d$;_RNvXs_NvNtNtCsitGFVNq7Ifu_4core3fmt5Write9write_fmtQNtNtCsdBofyk9Yr2t_5alloc6string6StringNtB4_12SpecWriteFmt14spec_write_fmtBS_;_RNvNtCsitGFVNq7Ifu_4core3fmt5write;_RNvMs2_NtCsdBofyk9Yr2t_5alloc7raw_vecNtB5_11RawVecInner7reserveB7_;_RNvXsp_NtCsitGFVNq7Ifu_4core6resultINtB5_6ResultINtNtNtB7_3ptr8non_null7NonNullShENtNtCsdBofyk9Yr2t_5alloc11collections15TryReserveErrorENtNtNtB7_3ops9try_trait3Try6branchB1m_
master	5	herdr::protocol::render_ansi::tests::ansi_instruments_probe::_$u7b$$u7b$closure$u7d$$u7d$;herdr::protocol::render_ansi::BlitEncoder::encode;herdr::protocol::render_ansi::BlitEncoder::encode_inner;herdr::protocol::render_ansi::write_cell;alloc::str::_$LT$impl$u20$alloc..slice..Join$LT$$RF$str$GT$$u20$for$u20$$u5b$S$u5d$$GT$::join;_$LT$core..ptr..non_null..NonNull$LT$T$GT$$u20$as$u20$core..cmp..PartialEq$GT$::eq
master	5	herdr::protocol::render_ansi::tests::ansi_instruments_probe::_$u7b$$u7b$closure$u7d$$u7d$;herdr::protocol::render_ansi::BlitEncoder::encode;herdr::protocol::render_ansi::BlitEncoder::encode_inner;herdr::protocol::render_ansi::write_cell;alloc::str::_$LT$impl$u20$alloc..slice..Join$LT$$RF$str$GT$$u20$for$u20$$u5b$S$u5d$$GT$::join;alloc::raw_vec::RawVecInner$LT$A$GT$::try_allocate_in
master	5	herdr::protocol::render_ansi::tests::ansi_instruments_probe::_$u7b$$u7b$closure$u7d$$u7d$;herdr::protocol::render_ansi::BlitEncoder::encode;herdr::protocol::render_ansi::BlitEncoder::encode_inner;herdr::protocol::render_ansi::write_cell;alloc::vec::Vec$LT$T$C$A$GT$::push_mut;_RNvMs4_NtCsdBofyk9Yr2t_5alloc7raw_vecNtB5_11RawVecInner14grow_amortizedCscEX5ZwinSox_3std;_RNvNtCsdBofyk9Yr2t_5alloc5alloc15realloc_nonnull;_RNvXNtNtNtCscEX5ZwinSox_3std3sys5alloc4unixNtNtB8_5alloc6SystemNtNtNtCsitGFVNq7Ifu_4core5alloc6global11GlobalAlloc7realloc
master	5	herdr::protocol::render_ansi::tests::ansi_instruments_probe::_$u7b$$u7b$closure$u7d$$u7d$;herdr::protocol::render_ansi::BlitEncoder::encode;herdr::protocol::render_ansi::BlitEncoder::encode_inner;herdr::protocol::render_ansi::write_cell;herdr::protocol::render_ansi::build_sgr;alloc::fmt::format::_$u7b$$u7b$closure$u7d$$u7d$;_RNvXs_NvNtNtCsitGFVNq7Ifu_4core3fmt5Write9write_fmtQNtNtCsdBofyk9Yr2t_5alloc6string6StringNtB4_12SpecWriteFmt14spec_write_fmtBS_;_RNvMNtNtCsitGFVNq7Ifu_4core3fmt2rtNtB2_8Argument3fmt;_RNvXs8_NtNtNtCsitGFVNq7Ifu_4core3fmt3num3impmNtB9_7Display3fmt;_RNvMs2_NtCsdBofyk9Yr2t_5alloc7raw_vecNtB5_11RawVecInner7reserveB7_
master	5	herdr::protocol::render_ansi::tests::ansi_instruments_probe::_$u7b$$u7b$closure$u7d$$u7d$;herdr::protocol::render_ansi::BlitEncoder::encode;herdr::protocol::render_ansi::BlitEncoder::encode_inner;herdr::protocol::render_ansi::write_cell;herdr::protocol::render_ansi::build_sgr;alloc::fmt::format::_$u7b$$u7b$closure$u7d$$u7d$;_RNvXs_NvNtNtCsitGFVNq7Ifu_4core3fmt5Write9write_fmtQNtNtCsdBofyk9Yr2t_5alloc6string6StringNtB4_12SpecWriteFmt14spec_write_fmtBS_;_RNvMNtNtCsitGFVNq7Ifu_4core3fmt2rtNtB2_8Argument3fmt;_RNvXs8_NtNtNtCsitGFVNq7Ifu_4core3fmt3num3impmNtB9_7Display3fmt;_RNvMs2_NtCsdBofyk9Yr2t_5alloc7raw_vecNtB5_11RawVecInner7reserveB7_;_RNvMs4_NtCsdBofyk9Yr2t_5alloc7raw_vecNtB5_11RawVecInner14grow_amortizedB7_;_RNvNtCsdBofyk9Yr2t_5alloc5alloc15realloc_nonnull;DYLD-STUB$$realloc
master	5	herdr::protocol::render_ansi::tests::ansi_instruments_probe::_$u7b$$u7b$closure$u7d$$u7d$;herdr::protocol::render_ansi::BlitEncoder::encode;herdr::protocol::render_ansi::BlitEncoder::encode_inner;herdr::protocol::render_ansi::write_cell;herdr::protocol::render_ansi::build_sgr;alloc::fmt::format::_$u7b$$u7b$closure$u7d$$u7d$;_RNvXs_NvNtNtCsitGFVNq7Ifu_4core3fmt5Write9write_fmtQNtNtCsdBofyk9Yr2t_5alloc6string6StringNtB4_12SpecWriteFmt14spec_write_fmtBS_;_RNvMNtNtCsitGFVNq7Ifu_4core3fmt2rtNtB2_8Argument3fmt;_RNvXs8_NtNtNtCsitGFVNq7Ifu_4core3fmt3num3impmNtB9_7Display3fmt;_RNvMs2_NtCsdBofyk9Yr2t_5alloc7raw_vecNtB5_11RawVecInner7reserveB7_;_RNvMs4_NtCsdBofyk9Yr2t_5alloc7raw_vecNtB5_11RawVecInner14grow_amortizedB7_;_RNvNtCsdBofyk9Yr2t_5alloc5alloc15realloc_nonnull;_RNvXNtNtNtCscEX5ZwinSox_3std3sys5alloc4unixNtNtB8_5alloc6SystemNtNtNtCsitGFVNq7Ifu_4core5alloc6global11GlobalAlloc7realloc
master	4	herdr::protocol::render_ansi::tests::ansi_instruments_probe::_$u7b$$u7b$closure$u7d$$u7d$;herdr::protocol::render_ansi::BlitEncoder::encode;herdr::protocol::render_ansi::BlitEncoder::encode_inner;_RNvNtCsdBofyk9Yr2t_5alloc5alloc15dealloc_nonnull;_xzm_free;DYLD-STUB$$_platform_bzero
master	4	herdr::protocol::render_ansi::tests::ansi_instruments_probe::_$u7b$$u7b$closure$u7d$$u7d$;herdr::protocol::render_ansi::BlitEncoder::encode;herdr::protocol::render_ansi::BlitEncoder::encode_inner;core::ptr::copy_nonoverlapping;compiler_rt.memcpy.copy16ToSmallLimit
master	4	herdr::protocol::render_ansi::tests::ansi_instruments_probe::_$u7b$$u7b$closure$u7d$$u7d$;herdr::protocol::render_ansi::BlitEncoder::encode;herdr::protocol::render_ansi::BlitEncoder::encode_inner;core::ptr::copy_nonoverlapping;compiler_rt.memcpy.copyFixedLength
master	4	herdr::protocol::render_ansi::tests::ansi_instruments_probe::_$u7b$$u7b$closure$u7d$$u7d$;herdr::protocol::render_ansi::BlitEncoder::encode;herdr::protocol::render_ansi::BlitEncoder::encode_inner;herdr::protocol::render_ansi::write_cell;alloc::fmt::format::_$u7b$$u7b$closure$u7d$$u7d$;_RNvXs_NvNtNtCsitGFVNq7Ifu_4core3fmt5Write9write_fmtQNtNtCsdBofyk9Yr2t_5alloc6string6StringNtB4_12SpecWriteFmt14spec_write_fmtBS_;_RNvMNtNtCsitGFVNq7Ifu_4core3fmt2rtNtB2_8Argument3fmt;_RNvMs2_NtCsdBofyk9Yr2t_5alloc7raw_vecNtB5_11RawVecInner7reserveB7_;_RNvMs4_NtCsdBofyk9Yr2t_5alloc7raw_vecNtB5_11RawVecInner14grow_amortizedB7_;_RNvNtCsdBofyk9Yr2t_5alloc5alloc15realloc_nonnull;_realloc;_malloc_zone_realloc;xzm_realloc;DYLD-STUB$$_platform_memmove
master	4	herdr::protocol::render_ansi::tests::ansi_instruments_probe::_$u7b$$u7b$closure$u7d$$u7d$;herdr::protocol::render_ansi::BlitEncoder::encode;herdr::protocol::render_ansi::BlitEncoder::encode_inner;herdr::protocol::render_ansi::write_cell;alloc::fmt::format::_$u7b$$u7b$closure$u7d$$u7d$;_RNvXs_NvNtNtCsitGFVNq7Ifu_4core3fmt5Write9write_fmtQNtNtCsdBofyk9Yr2t_5alloc6string6StringNtB4_12SpecWriteFmt14spec_write_fmtBS_;_RNvNtCsitGFVNq7Ifu_4core3fmt5write;_RNvMs2_NtCsdBofyk9Yr2t_5alloc7raw_vecNtB5_11RawVecInner7reserveB7_;_RNvMs4_NtCsdBofyk9Yr2t_5alloc7raw_vecNtB5_11RawVecInner14grow_amortizedB7_;_RNvNtCsdBofyk9Yr2t_5alloc5alloc15realloc_nonnull;xzm_malloc_zone_size
master	4	herdr::protocol::render_ansi::tests::ansi_instruments_probe::_$u7b$$u7b$closure$u7d$$u7d$;herdr::protocol::render_ansi::BlitEncoder::encode;herdr::protocol::render_ansi::BlitEncoder::encode_inner;herdr::protocol::render_ansi::write_cell;alloc::raw_vec::RawVecInner$LT$A$GT$::reserve;alloc::raw_vec::RawVecInner$LT$A$GT$::grow_amortized;_RNvNtCsdBofyk9Yr2t_5alloc5alloc15realloc_nonnull;_realloc;_malloc_zone_realloc;xzm_realloc;DYLD-STUB$$_platform_memmove
master	4	herdr::protocol::render_ansi::tests::ansi_instruments_probe::_$u7b$$u7b$closure$u7d$$u7d$;herdr::protocol::render_ansi::BlitEncoder::encode;herdr::protocol::render_ansi::BlitEncoder::encode_inner;herdr::protocol::render_ansi::write_cell;alloc::raw_vec::RawVecInner$LT$A$GT$::reserve;alloc::raw_vec::RawVecInner$LT$A$GT$::grow_amortized;_realloc
master	4	herdr::protocol::render_ansi::tests::ansi_instruments_probe::_$u7b$$u7b$closure$u7d$$u7d$;herdr::protocol::render_ansi::BlitEncoder::encode;herdr::protocol::render_ansi::BlitEncoder::encode_inner;herdr::protocol::render_ansi::write_cell;alloc::raw_vec::RawVecInner$LT$A$GT$::reserve::do_reserve_and_handle
master	4	herdr::protocol::render_ansi::tests::ansi_instruments_probe::_$u7b$$u7b$closure$u7d$$u7d$;herdr::protocol::render_ansi::BlitEncoder::encode;herdr::protocol::render_ansi::BlitEncoder::encode_inner;herdr::protocol::render_ansi::write_cell;alloc::vec::Vec$LT$T$C$A$GT$::push_mut;_RNvMs4_NtCsdBofyk9Yr2t_5alloc7raw_vecNtB5_11RawVecInner14grow_amortizedCscEX5ZwinSox_3std;_RNvNtCsitGFVNq7Ifu_4core10intrinsics8unlikely
master	4	herdr::protocol::render_ansi::tests::ansi_instruments_probe::_$u7b$$u7b$closure$u7d$$u7d$;herdr::protocol::render_ansi::BlitEncoder::encode;herdr::protocol::render_ansi::BlitEncoder::encode_inner;herdr::protocol::render_ansi::write_cell;herdr::protocol::render_ansi::build_sgr
master	4	herdr::protocol::render_ansi::tests::ansi_instruments_probe::_$u7b$$u7b$closure$u7d$$u7d$;herdr::protocol::render_ansi::BlitEncoder::encode;herdr::protocol::render_ansi::BlitEncoder::encode_inner;herdr::protocol::render_ansi::write_cell;herdr::protocol::render_ansi::build_sgr;alloc::fmt::format::_$u7b$$u7b$closure$u7d$$u7d$;_RNvNtCsdBofyk9Yr2t_5alloc5alloc5alloc;_RNvCs4SDFJOLwvtW_7___rustc35___rust_no_alloc_shim_is_unstable_v2
master	4	herdr::protocol::render_ansi::tests::ansi_instruments_probe::_$u7b$$u7b$closure$u7d$$u7d$;herdr::protocol::render_ansi::BlitEncoder::encode;herdr::protocol::render_ansi::BlitEncoder::encode_inner;herdr::protocol::render_ansi::write_cell;herdr::protocol::render_ansi::build_sgr;alloc::fmt::format::_$u7b$$u7b$closure$u7d$$u7d$;_RNvXs_NvNtNtCsitGFVNq7Ifu_4core3fmt5Write9write_fmtQNtNtCsdBofyk9Yr2t_5alloc6string6StringNtB4_12SpecWriteFmt14spec_write_fmtBS_;_RNvMNtNtCsitGFVNq7Ifu_4core3fmt2rtNtB2_8Argument3fmt;_RNvXs8_NtNtNtCsitGFVNq7Ifu_4core3fmt3num3impmNtB9_7Display3fmt;_RNvMs2_NtCsdBofyk9Yr2t_5alloc7raw_vecNtB5_11RawVecInner7reserveB7_;_RNvMs4_NtCsdBofyk9Yr2t_5alloc7raw_vecNtB5_11RawVecInner14grow_amortizedB7_;_RNvNtCsdBofyk9Yr2t_5alloc5alloc15realloc_nonnull;_malloc_zone_realloc
master	4	herdr::protocol::render_ansi::tests::ansi_instruments_probe::_$u7b$$u7b$closure$u7d$$u7d$;herdr::protocol::render_ansi::BlitEncoder::encode;herdr::protocol::render_ansi::BlitEncoder::encode_inner;herdr::protocol::render_ansi::write_cell;herdr::protocol::render_ansi::build_sgr;alloc::fmt::format::_$u7b$$u7b$closure$u7d$$u7d$;_RNvXs_NvNtNtCsitGFVNq7Ifu_4core3fmt5Write9write_fmtQNtNtCsdBofyk9Yr2t_5alloc6string6StringNtB4_12SpecWriteFmt14spec_write_fmtBS_;_RNvMNtNtCsitGFVNq7Ifu_4core3fmt2rtNtB2_8Argument3fmt;_RNvXs8_NtNtNtCsitGFVNq7Ifu_4core3fmt3num3impmNtB9_7Display3fmt;_RNvMs2_NtCsdBofyk9Yr2t_5alloc7raw_vecNtB5_11RawVecInner7reserveB7_;_RNvMs4_NtCsdBofyk9Yr2t_5alloc7raw_vecNtB5_11RawVecInner14grow_amortizedB7_;_RNvNtCsdBofyk9Yr2t_5alloc5alloc15realloc_nonnull;_realloc;_malloc_zone_realloc;xzm_realloc;DYLD-STUB$$_platform_memmove
master	4	herdr::protocol::render_ansi::tests::ansi_instruments_probe::_$u7b$$u7b$closure$u7d$$u7d$;herdr::protocol::render_ansi::BlitEncoder::encode;herdr::protocol::render_ansi::BlitEncoder::encode_inner;herdr::protocol::render_ansi::write_cell;herdr::protocol::render_ansi::build_sgr;alloc::fmt::format::_$u7b$$u7b$closure$u7d$$u7d$;_RNvXs_NvNtNtCsitGFVNq7Ifu_4core3fmt5Write9write_fmtQNtNtCsdBofyk9Yr2t_5alloc6string6StringNtB4_12SpecWriteFmt14spec_write_fmtBS_;_RNvNtCsitGFVNq7Ifu_4core3fmt5write;_RNvXsZ_NtCsdBofyk9Yr2t_5alloc6stringNtB5_6StringNtNtCsitGFVNq7Ifu_4core3fmt5Write9write_str
master	4	herdr::protocol::render_ansi::tests::ansi_instruments_probe::_$u7b$$u7b$closure$u7d$$u7d$;herdr::protocol::render_ansi::BlitEncoder::encode;herdr::protocol::render_ansi::BlitEncoder::encode_inner;herdr::protocol::render_ansi::write_cell;herdr::protocol::render_ansi::build_sgr;alloc::vec::Vec$LT$T$C$A$GT$::push_mut;alloc::raw_vec::RawVec$LT$T$C$A$GT$::grow_one
master	4	herdr::protocol::render_ansi::tests::ansi_instruments_probe::_$u7b$$u7b$closure$u7d$$u7d$;herdr::protocol::render_ansi::BlitEncoder::encode;herdr::protocol::render_ansi::BlitEncoder::encode_inner;herdr::protocol::render_ansi::write_hyperlink_if_changed
master	3	herdr::protocol::render_ansi::tests::ansi_instruments_probe::_$u7b$$u7b$closure$u7d$$u7d$;herdr::protocol::render_ansi::BlitEncoder::encode;herdr::protocol::render_ansi::BlitEncoder::encode_inner;_RNvMs4_NtCsitGFVNq7Ifu_4core3numh8is_ascii
master	3	herdr::protocol::render_ansi::tests::ansi_instruments_probe::_$u7b$$u7b$closure$u7d$$u7d$;herdr::protocol::render_ansi::BlitEncoder::encode;herdr::protocol::render_ansi::BlitEncoder::encode_inner;alloc::vec::Vec$LT$T$C$A$GT$::append_elements
master	3	herdr::protocol::render_ansi::tests::ansi_instruments_probe::_$u7b$$u7b$closure$u7d$$u7d$;herdr::protocol::render_ansi::BlitEncoder::encode;herdr::protocol::render_ansi::BlitEncoder::encode_inner;core::ptr::mut_ptr::_$LT$impl$u20$$BP$mut$u20$T$GT$::add
master	3	herdr::protocol::render_ansi::tests::ansi_instruments_probe::_$u7b$$u7b$closure$u7d$$u7d$;herdr::protocol::render_ansi::BlitEncoder::encode;herdr::protocol::render_ansi::BlitEncoder::encode_inner;herdr::protocol::render_ansi::write_cell;_$LT$core..iter..adapters..map..Map$LT$I$C$F$GT$$u20$as$u20$core..iter..traits..iterator..Iterator$GT$::fold;_RNvNtCsdBofyk9Yr2t_5alloc5alloc15dealloc_nonnull;_xzm_free;__bzero
master	3	herdr::protocol::render_ansi::tests::ansi_instruments_probe::_$u7b$$u7b$closure$u7d$$u7d$;herdr::protocol::render_ansi::BlitEncoder::encode;herdr::protocol::render_ansi::BlitEncoder::encode_inner;herdr::protocol::render_ansi::write_cell;_$LT$core..iter..adapters..map..Map$LT$I$C$F$GT$$u20$as$u20$core..iter..traits..iterator..Iterator$GT$::fold;core::ptr::read
master	3	herdr::protocol::render_ansi::tests::ansi_instruments_probe::_$u7b$$u7b$closure$u7d$$u7d$;herdr::protocol::render_ansi::BlitEncoder::encode;herdr::protocol::render_ansi::BlitEncoder::encode_inner;herdr::protocol::render_ansi::write_cell;alloc::fmt::format::_$u7b$$u7b$closure$u7d$$u7d$;_RNvNtCsdBofyk9Yr2t_5alloc5alloc5alloc;_RNvCs4SDFJOLwvtW_7___rustc35___rust_no_alloc_shim_is_unstable_v2
master	3	herdr::protocol::render_ansi::tests::ansi_instruments_probe::_$u7b$$u7b$closure$u7d$$u7d$;herdr::protocol::render_ansi::BlitEncoder::encode;herdr::protocol::render_ansi::BlitEncoder::encode_inner;herdr::protocol::render_ansi::write_cell;alloc::fmt::format::_$u7b$$u7b$closure$u7d$$u7d$;_RNvXs_NvNtNtCsitGFVNq7Ifu_4core3fmt5Write9write_fmtQNtNtCsdBofyk9Yr2t_5alloc6string6StringNtB4_12SpecWriteFmt14spec_write_fmtBS_;_RNvNtCsitGFVNq7Ifu_4core3fmt5write;_RINvNtCsitGFVNq7Ifu_4core3ptr19copy_nonoverlappinghECsdBofyk9Yr2t_5alloc;memcpy
master	3	herdr::protocol::render_ansi::tests::ansi_instruments_probe::_$u7b$$u7b$closure$u7d$$u7d$;herdr::protocol::render_ansi::BlitEncoder::encode;herdr::protocol::render_ansi::BlitEncoder::encode_inner;herdr::protocol::render_ansi::write_cell;alloc::fmt::format::_$u7b$$u7b$closure$u7d$$u7d$;_RNvXs_NvNtNtCsitGFVNq7Ifu_4core3fmt5Write9write_fmtQNtNtCsdBofyk9Yr2t_5alloc6string6StringNtB4_12SpecWriteFmt14spec_write_fmtBS_;_RNvNtCsitGFVNq7Ifu_4core3fmt5write;_RNvMs2_NtCsdBofyk9Yr2t_5alloc7raw_vecNtB5_11RawVecInner7reserveB7_;_RNvMs4_NtCsdBofyk9Yr2t_5alloc7raw_vecNtB5_11RawVecInner14grow_amortizedB7_;_RNvNtCsdBofyk9Yr2t_5alloc5alloc15realloc_nonnull;_realloc;_malloc_zone_realloc;xzm_realloc;DYLD-STUB$$_platform_memmove
master	3	herdr::protocol::render_ansi::tests::ansi_instruments_probe::_$u7b$$u7b$closure$u7d$$u7d$;herdr::protocol::render_ansi::BlitEncoder::encode;herdr::protocol::render_ansi::BlitEncoder::encode_inner;herdr::protocol::render_ansi::write_cell;alloc::fmt::format::_$u7b$$u7b$closure$u7d$$u7d$;_RNvXs_NvNtNtCsitGFVNq7Ifu_4core3fmt5Write9write_fmtQNtNtCsdBofyk9Yr2t_5alloc6string6StringNtB4_12SpecWriteFmt14spec_write_fmtBS_;_RNvNtCsitGFVNq7Ifu_4core3fmt5write;_RNvMs2_NtCsdBofyk9Yr2t_5alloc7raw_vecNtB5_11RawVecInner7reserveB7_;_RNvMs9_NtCsitGFVNq7Ifu_4core3numj11checked_add
master	3	herdr::protocol::render_ansi::tests::ansi_instruments_probe::_$u7b$$u7b$closure$u7d$$u7d$;herdr::protocol::render_ansi::BlitEncoder::encode;herdr::protocol::render_ansi::BlitEncoder::encode_inner;herdr::protocol::render_ansi::write_cell;alloc::raw_vec::RawVecInner$LT$A$GT$::reserve;_RNvMs9_NtCsitGFVNq7Ifu_4core3numj11checked_add
master	3	herdr::protocol::render_ansi::tests::ansi_instruments_probe::_$u7b$$u7b$closure$u7d$$u7d$;herdr::protocol::render_ansi::BlitEncoder::encode;herdr::protocol::render_ansi::BlitEncoder::encode_inner;herdr::protocol::render_ansi::write_cell;alloc::raw_vec::RawVecInner$LT$A$GT$::reserve;alloc::raw_vec::RawVecInner$LT$A$GT$::grow_amortized;_RNvNtCsdBofyk9Yr2t_5alloc5alloc15realloc_nonnull;_realloc;xzm_realloc
master	3	herdr::protocol::render_ansi::tests::ansi_instruments_probe::_$u7b$$u7b$closure$u7d$$u7d$;herdr::protocol::render_ansi::BlitEncoder::encode;herdr::protocol::render_ansi::BlitEncoder::encode_inner;herdr::protocol::render_ansi::write_cell;alloc::raw_vec::RawVecInner$LT$A$GT$::reserve;alloc::raw_vec::RawVecInner$LT$A$GT$::grow_amortized;_RNvNtCsdBofyk9Yr2t_5alloc5alloc15realloc_nonnull;xzm_malloc_zone_size
master	3	herdr::protocol::render_ansi::tests::ansi_instruments_probe::_$u7b$$u7b$closure$u7d$$u7d$;herdr::protocol::render_ansi::BlitEncoder::encode;herdr::protocol::render_ansi::BlitEncoder::encode_inner;herdr::protocol::render_ansi::write_cell;alloc::raw_vec::RawVecInner$LT$A$GT$::reserve;alloc::raw_vec::RawVecInner$LT$A$GT$::grow_amortized;_RNvNtCsitGFVNq7Ifu_4core10intrinsics8unlikely
master	3	herdr::protocol::render_ansi::tests::ansi_instruments_probe::_$u7b$$u7b$closure$u7d$$u7d$;herdr::protocol::render_ansi::BlitEncoder::encode;herdr::protocol::render_ansi::BlitEncoder::encode_inner;herdr::protocol::render_ansi::write_cell;alloc::raw_vec::RawVecInner$LT$A$GT$::reserve;alloc::raw_vec::RawVecInner$LT$A$GT$::grow_amortized;alloc::raw_vec::RawVecInner$LT$A$GT$::finish_grow
master	3	herdr::protocol::render_ansi::tests::ansi_instruments_probe::_$u7b$$u7b$closure$u7d$$u7d$;herdr::protocol::render_ansi::BlitEncoder::encode;herdr::protocol::render_ansi::BlitEncoder::encode_inner;herdr::protocol::render_ansi::write_cell;alloc::str::_$LT$impl$u20$alloc..slice..Join$LT$$RF$str$GT$$u20$for$u20$$u5b$S$u5d$$GT$::join;core::ptr::copy_nonoverlapping;compiler_rt.memcpy.copyRange4
master	3	herdr::protocol::render_ansi::tests::ansi_instruments_probe::_$u7b$$u7b$closure$u7d$$u7d$;herdr::protocol::render_ansi::BlitEncoder::encode;herdr::protocol::render_ansi::BlitEncoder::encode_inner;herdr::protocol::render_ansi::write_cell;alloc::vec::Vec$LT$T$C$A$GT$::push_mut;_RNvMs4_NtCsdBofyk9Yr2t_5alloc7raw_vecNtB5_11RawVecInner8grow_oneCscEX5ZwinSox_3std
master	3	herdr::protocol::render_ansi::tests::ansi_instruments_probe::_$u7b$$u7b$closure$u7d$$u7d$;herdr::protocol::render_ansi::BlitEncoder::encode;herdr::protocol::render_ansi::BlitEncoder::encode_inner;herdr::protocol::render_ansi::write_cell;herdr::protocol::render_ansi::build_sgr;_RNvNtCsdBofyk9Yr2t_5alloc5alloc5alloc;DYLD-STUB$$malloc
master	3	herdr::protocol::render_ansi::tests::ansi_instruments_probe::_$u7b$$u7b$closure$u7d$$u7d$;herdr::protocol::render_ansi::BlitEncoder::encode;herdr::protocol::render_ansi::BlitEncoder::encode_inner;herdr::protocol::render_ansi::write_cell;herdr::protocol::render_ansi::build_sgr;alloc::fmt::format::_$u7b$$u7b$closure$u7d$$u7d$;_RNvXs_NvNtNtCsitGFVNq7Ifu_4core3fmt5Write9write_fmtQNtNtCsdBofyk9Yr2t_5alloc6string6StringNtB4_12SpecWriteFmt14spec_write_fmtBS_;_RNvMNtNtCsitGFVNq7Ifu_4core3fmt2rtNtB2_8Argument3fmt;_RNvXs8_NtNtNtCsitGFVNq7Ifu_4core3fmt3num3impmNtB9_7Display3fmt;_RINvNvMs2_NtCsdBofyk9Yr2t_5alloc7raw_vecINtB8_11RawVecInnerpE7reserve21do_reserve_and_handleNtNtBa_5alloc6GlobalEBa_
master	3	herdr::protocol::render_ansi::tests::ansi_instruments_probe::_$u7b$$u7b$closure$u7d$$u7d$;herdr::protocol::render_ansi::BlitEncoder::encode;herdr::protocol::render_ansi::BlitEncoder::encode_inner;herdr::protocol::render_ansi::write_cell;herdr::protocol::render_ansi::build_sgr;alloc::fmt::format::_$u7b$$u7b$closure$u7d$$u7d$;_RNvXs_NvNtNtCsitGFVNq7Ifu_4core3fmt5Write9write_fmtQNtNtCsdBofyk9Yr2t_5alloc6string6StringNtB4_12SpecWriteFmt14spec_write_fmtBS_;_RNvMNtNtCsitGFVNq7Ifu_4core3fmt2rtNtB2_8Argument3fmt;_RNvXs8_NtNtNtCsitGFVNq7Ifu_4core3fmt3num3impmNtB9_7Display3fmt;_RNvMs2_NtCsdBofyk9Yr2t_5alloc7raw_vecNtB5_11RawVecInner7reserveB7_;_RNvMs4_NtCsdBofyk9Yr2t_5alloc7raw_vecNtB5_11RawVecInner14grow_amortizedB7_;_RNvNtCsdBofyk9Yr2t_5alloc5alloc15realloc_nonnull;_realloc;_malloc_zone_realloc;_xzm_free
master	3	herdr::protocol::render_ansi::tests::ansi_instruments_probe::_$u7b$$u7b$closure$u7d$$u7d$;herdr::protocol::render_ansi::BlitEncoder::encode;herdr::protocol::render_ansi::BlitEncoder::encode_inner;herdr::protocol::render_ansi::write_cell;herdr::protocol::render_ansi::build_sgr;alloc::fmt::format::_$u7b$$u7b$closure$u7d$$u7d$;_RNvXs_NvNtNtCsitGFVNq7Ifu_4core3fmt5Write9write_fmtQNtNtCsdBofyk9Yr2t_5alloc6string6StringNtB4_12SpecWriteFmt14spec_write_fmtBS_;_RNvMNtNtCsitGFVNq7Ifu_4core3fmt2rtNtB2_8Argument3fmt;_RNvXs8_NtNtNtCsitGFVNq7Ifu_4core3fmt3num3impmNtB9_7Display3fmt;_RNvMs2_NtCsdBofyk9Yr2t_5alloc7raw_vecNtB5_11RawVecInner7reserveB7_;_RNvMs4_NtCsdBofyk9Yr2t_5alloc7raw_vecNtB5_11RawVecInner14grow_amortizedB7_;_RNvNtCsdBofyk9Yr2t_5alloc5alloc15realloc_nonnull;xzm_malloc_zone_size
master	3	herdr::protocol::render_ansi::tests::ansi_instruments_probe::_$u7b$$u7b$closure$u7d$$u7d$;herdr::protocol::render_ansi::BlitEncoder::encode;herdr::protocol::render_ansi::BlitEncoder::encode_inner;herdr::protocol::render_ansi::write_cell;herdr::protocol::render_ansi::build_sgr;alloc::fmt::format::_$u7b$$u7b$closure$u7d$$u7d$;_RNvXs_NvNtNtCsitGFVNq7Ifu_4core3fmt5Write9write_fmtQNtNtCsdBofyk9Yr2t_5alloc6string6StringNtB4_12SpecWriteFmt14spec_write_fmtBS_;_RNvNtCsitGFVNq7Ifu_4core3fmt5write;_RNvMs_NtCsdBofyk9Yr2t_5alloc3vecINtB4_3VechE15append_elementsB6_
master	3	herdr::protocol::render_ansi::tests::ansi_instruments_probe::_$u7b$$u7b$closure$u7d$$u7d$;herdr::protocol::render_ansi::BlitEncoder::encode;herdr::protocol::render_ansi::BlitEncoder::encode_inner;herdr::protocol::render_ansi::write_cell;herdr::protocol::render_ansi::build_sgr;alloc::vec::Vec$LT$T$C$A$GT$::push_mut;alloc::raw_vec::RawVecInner$LT$A$GT$::grow_amortized;_RNvMNtCsdBofyk9Yr2t_5alloc5allocNtB2_6Global18alloc_impl_runtime
master	3	herdr::protocol::render_ansi::tests::ansi_instruments_probe::_$u7b$$u7b$closure$u7d$$u7d$;herdr::protocol::render_ansi::BlitEncoder::encode;herdr::protocol::render_ansi::BlitEncoder::encode_inner;herdr::protocol::render_ansi::write_cell;herdr::protocol::render_ansi::build_sgr;alloc::vec::Vec$LT$T$C$A$GT$::push_mut;alloc::raw_vec::RawVecInner$LT$A$GT$::grow_amortized;_RNvNtCsdBofyk9Yr2t_5alloc5alloc5alloc;DYLD-STUB$$malloc
master	3	herdr::protocol::render_ansi::tests::ansi_instruments_probe::_$u7b$$u7b$closure$u7d$$u7d$;herdr::protocol::render_ansi::BlitEncoder::encode;herdr::protocol::render_ansi::BlitEncoder::encode_inner;herdr::protocol::render_ansi::write_cell;herdr::protocol::render_ansi::build_sgr;alloc::vec::Vec$LT$T$C$A$GT$::push_mut;alloc::raw_vec::RawVecInner$LT$A$GT$::grow_one
master	2	herdr::protocol::render_ansi::tests::ansi_instruments_probe::_$u7b$$u7b$closure$u7d$$u7d$;herdr::protocol::render_ansi::BlitEncoder::encode;herdr::protocol::render_ansi::BlitEncoder::encode_inner;_$LT$core..slice..iter..Iter$LT$T$GT$$u20$as$u20$core..iter..traits..iterator..Iterator$GT$::next
master	2	herdr::protocol::render_ansi::tests::ansi_instruments_probe::_$u7b$$u7b$closure$u7d$$u7d$;herdr::protocol::render_ansi::BlitEncoder::encode;herdr::protocol::render_ansi::BlitEncoder::encode_inner;alloc::raw_vec::RawVecInner$LT$A$GT$::reserve;alloc::raw_vec::RawVecInner$LT$A$GT$::grow_amortized;_RNvNtCsdBofyk9Yr2t_5alloc5alloc15realloc_nonnull;_realloc;_malloc_zone_realloc;xzm_realloc;_xzm_xzone_free_freelist;mach_absolute_time
master	2	herdr::protocol::render_ansi::tests::ansi_instruments_probe::_$u7b$$u7b$closure$u7d$$u7d$;herdr::protocol::render_ansi::BlitEncoder::encode;herdr::protocol::render_ansi::BlitEncoder::encode_inner;herdr::protocol::render_ansi::cells_visually_equal
master	2	herdr::protocol::render_ansi::tests::ansi_instruments_probe::_$u7b$$u7b$closure$u7d$$u7d$;herdr::protocol::render_ansi::BlitEncoder::encode;herdr::protocol::render_ansi::BlitEncoder::encode_inner;herdr::protocol::render_ansi::write_cell;_$LT$core..iter..adapters..map..Map$LT$I$C$F$GT$$u20$as$u20$core..iter..traits..iterator..Iterator$GT$::fold;_RNvNtCsitGFVNq7Ifu_4core10intrinsics8unlikely
master	2	herdr::protocol::render_ansi::tests::ansi_instruments_probe::_$u7b$$u7b$closure$u7d$$u7d$;herdr::protocol::render_ansi::BlitEncoder::encode;herdr::protocol::render_ansi::BlitEncoder::encode_inner;herdr::protocol::render_ansi::write_cell;_RNvMs3_NtCsdBofyk9Yr2t_5alloc7raw_vecINtB5_6RawVecINtNtNtCsagj8LO2dWHU_5gimli4read4unit14AttributeValueINtNtBR_12endian_slice11EndianSliceNtNtBT_9endianity12LittleEndianEjEE8grow_oneCscEX5ZwinSox_3std
master	2	herdr::protocol::render_ansi::tests::ansi_instruments_probe::_$u7b$$u7b$closure$u7d$$u7d$;herdr::protocol::render_ansi::BlitEncoder::encode;herdr::protocol::render_ansi::BlitEncoder::encode_inner;herdr::protocol::render_ansi::write_cell;_RNvNtCsdBofyk9Yr2t_5alloc5alloc15dealloc_nonnull;_RNvCs4SDFJOLwvtW_7___rustc14___rust_dealloc
master	2	herdr::protocol::render_ansi::tests::ansi_instruments_probe::_$u7b$$u7b$closure$u7d$$u7d$;herdr::protocol::render_ansi::BlitEncoder::encode;herdr::protocol::render_ansi::BlitEncoder::encode_inner;herdr::protocol::render_ansi::write_cell;alloc::fmt::format::_$u7b$$u7b$closure$u7d$$u7d$;_RNvXs_NvNtNtCsitGFVNq7Ifu_4core3fmt5Write9write_fmtQNtNtCsdBofyk9Yr2t_5alloc6string6StringNtB4_12SpecWriteFmt14spec_write_fmtBS_;_RNvMNtNtCsitGFVNq7Ifu_4core3fmt2rtNtB2_8Argument3fmt;_RINvNtCsitGFVNq7Ifu_4core3ptr19copy_nonoverlappinghECsdBofyk9Yr2t_5alloc;compiler_rt.memcpy.copyRange4
master	2	herdr::protocol::render_ansi::tests::ansi_instruments_probe::_$u7b$$u7b$closure$u7d$$u7d$;herdr::protocol::render_ansi::BlitEncoder::encode;herdr::protocol::render_ansi::BlitEncoder::encode_inner;herdr::protocol::render_ansi::write_cell;alloc::fmt::format::_$u7b$$u7b$closure$u7d$$u7d$;_RNvXs_NvNtNtCsitGFVNq7Ifu_4core3fmt5Write9write_fmtQNtNtCsdBofyk9Yr2t_5alloc6string6StringNtB4_12SpecWriteFmt14spec_write_fmtBS_;_RNvMs4_NtCsitGFVNq7Ifu_4core3fmtNtB5_9Arguments6as_str
master	2	herdr::protocol::render_ansi::tests::ansi_instruments_probe::_$u7b$$u7b$closure$u7d$$u7d$;herdr::protocol::render_ansi::BlitEncoder::encode;herdr::protocol::render_ansi::BlitEncoder::encode_inner;herdr::protocol::render_ansi::write_cell;alloc::raw_vec::RawVecInner$LT$A$GT$::reserve
master	2	herdr::protocol::render_ansi::tests::ansi_instruments_probe::_$u7b$$u7b$closure$u7d$$u7d$;herdr::protocol::render_ansi::BlitEncoder::encode;herdr::protocol::render_ansi::BlitEncoder::encode_inner;herdr::protocol::render_ansi::write_cell;alloc::raw_vec::RawVecInner$LT$A$GT$::reserve;alloc::raw_vec::RawVecInner$LT$A$GT$::grow_amortized
master	2	herdr::protocol::render_ansi::tests::ansi_instruments_probe::_$u7b$$u7b$closure$u7d$$u7d$;herdr::protocol::render_ansi::BlitEncoder::encode;herdr::protocol::render_ansi::BlitEncoder::encode_inner;herdr::protocol::render_ansi::write_cell;alloc::raw_vec::RawVecInner$LT$A$GT$::reserve;alloc::raw_vec::RawVecInner$LT$A$GT$::grow_amortized;_RNvMs9_NtCsitGFVNq7Ifu_4core3numj13unchecked_mul
master	2	herdr::protocol::render_ansi::tests::ansi_instruments_probe::_$u7b$$u7b$closure$u7d$$u7d$;herdr::protocol::render_ansi::BlitEncoder::encode;herdr::protocol::render_ansi::BlitEncoder::encode_inner;herdr::protocol::render_ansi::write_cell;alloc::str::_$LT$impl$u20$alloc..slice..Join$LT$$RF$str$GT$$u20$for$u20$$u5b$S$u5d$$GT$::join;_RNvMs9_NtCsitGFVNq7Ifu_4core3numj11checked_mul
master	2	herdr::protocol::render_ansi::tests::ansi_instruments_probe::_$u7b$$u7b$closure$u7d$$u7d$;herdr::protocol::render_ansi::BlitEncoder::encode;herdr::protocol::render_ansi::BlitEncoder::encode_inner;herdr::protocol::render_ansi::write_cell;alloc::str::_$LT$impl$u20$alloc..slice..Join$LT$$RF$str$GT$$u20$for$u20$$u5b$S$u5d$$GT$::join;alloc::vec::Vec$LT$T$C$A$GT$::append_elements
master	2	herdr::protocol::render_ansi::tests::ansi_instruments_probe::_$u7b$$u7b$closure$u7d$$u7d$;herdr::protocol::render_ansi::BlitEncoder::encode;herdr::protocol::render_ansi::BlitEncoder::encode_inner;herdr::protocol::render_ansi::write_cell;alloc::vec::Vec$LT$T$C$A$GT$::push_mut;_RNvMs4_NtCsdBofyk9Yr2t_5alloc7raw_vecNtB5_11RawVecInner14grow_amortizedCscEX5ZwinSox_3std;_RNvNtCsdBofyk9Yr2t_5alloc5alloc15realloc_nonnull;DYLD-STUB$$realloc
master	2	herdr::protocol::render_ansi::tests::ansi_instruments_probe::_$u7b$$u7b$closure$u7d$$u7d$;herdr::protocol::render_ansi::BlitEncoder::encode;herdr::protocol::render_ansi::BlitEncoder::encode_inner;herdr::protocol::render_ansi::write_cell;alloc::vec::Vec$LT$T$C$A$GT$::push_mut;_RNvXsp_NtCsitGFVNq7Ifu_4core6resultINtB5_6ResultINtNtNtB7_3ptr8non_null7NonNullShENtNtCsdBofyk9Yr2t_5alloc11collections15TryReserveErrorENtNtNtB7_3ops9try_trait3Try6branchCscEX5ZwinSox_3std
master	2	herdr::protocol::render_ansi::tests::ansi_instruments_probe::_$u7b$$u7b$closure$u7d$$u7d$;herdr::protocol::render_ansi::BlitEncoder::encode;herdr::protocol::render_ansi::BlitEncoder::encode_inner;herdr::protocol::render_ansi::write_cell;herdr::protocol::render_ansi::build_sgr;alloc::fmt::format::_$u7b$$u7b$closure$u7d$$u7d$;_RNvXs_NvNtNtCsitGFVNq7Ifu_4core3fmt5Write9write_fmtQNtNtCsdBofyk9Yr2t_5alloc6string6StringNtB4_12SpecWriteFmt14spec_write_fmtBS_;_RNvMNtNtCsitGFVNq7Ifu_4core3fmt2rtNtB2_8Argument3fmt;_RNvXs8_NtNtNtCsitGFVNq7Ifu_4core3fmt3num3impmNtB9_7Display3fmt;_RINvMs2_NtCsdBofyk9Yr2t_5alloc7raw_vecNtB6_11RawVecInner8non_nullhEB8_
master	2	herdr::protocol::render_ansi::tests::ansi_instruments_probe::_$u7b$$u7b$closure$u7d$$u7d$;herdr::protocol::render_ansi::BlitEncoder::encode;herdr::protocol::render_ansi::BlitEncoder::encode_inner;herdr::protocol::render_ansi::write_cell;herdr::protocol::render_ansi::build_sgr;alloc::fmt::format::_$u7b$$u7b$closure$u7d$$u7d$;_RNvXs_NvNtNtCsitGFVNq7Ifu_4core3fmt5Write9write_fmtQNtNtCsdBofyk9Yr2t_5alloc6string6StringNtB4_12SpecWriteFmt14spec_write_fmtBS_;_RNvMNtNtCsitGFVNq7Ifu_4core3fmt2rtNtB2_8Argument3fmt;_RNvXs8_NtNtNtCsitGFVNq7Ifu_4core3fmt3num3impmNtB9_7Display3fmt;_RNvMs2_NtCsdBofyk9Yr2t_5alloc7raw_vecNtB5_11RawVecInner7reserveB7_;_RNvMs4_NtCsdBofyk9Yr2t_5alloc7raw_vecNtB5_11RawVecInner11finish_growB7_
master	2	herdr::protocol::render_ansi::tests::ansi_instruments_probe::_$u7b$$u7b$closure$u7d$$u7d$;herdr::protocol::render_ansi::BlitEncoder::encode;herdr::protocol::render_ansi::BlitEncoder::encode_inner;herdr::protocol::render_ansi::write_cell;herdr::protocol::render_ansi::build_sgr;alloc::fmt::format::_$u7b$$u7b$closure$u7d$$u7d$;_RNvXs_NvNtNtCsitGFVNq7Ifu_4core3fmt5Write9write_fmtQNtNtCsdBofyk9Yr2t_5alloc6string6StringNtB4_12SpecWriteFmt14spec_write_fmtBS_;_RNvMNtNtCsitGFVNq7Ifu_4core3fmt2rtNtB2_8Argument3fmt;_RNvXs8_NtNtNtCsitGFVNq7Ifu_4core3fmt3num3impmNtB9_7Display3fmt;_RNvMs2_NtCsdBofyk9Yr2t_5alloc7raw_vecNtB5_11RawVecInner7reserveB7_;_RNvMs4_NtCsdBofyk9Yr2t_5alloc7raw_vecNtB5_11RawVecInner14grow_amortizedB7_;_RNvNtCsdBofyk9Yr2t_5alloc5alloc15realloc_nonnull;_realloc;xzm_realloc
master	2	herdr::protocol::render_ansi::tests::ansi_instruments_probe::_$u7b$$u7b$closure$u7d$$u7d$;herdr::protocol::render_ansi::BlitEncoder::encode;herdr::protocol::render_ansi::BlitEncoder::encode_inner;herdr::protocol::render_ansi::write_cell;herdr::protocol::render_ansi::build_sgr;alloc::fmt::format::_$u7b$$u7b$closure$u7d$$u7d$;_RNvXs_NvNtNtCsitGFVNq7Ifu_4core3fmt5Write9write_fmtQNtNtCsdBofyk9Yr2t_5alloc6string6StringNtB4_12SpecWriteFmt14spec_write_fmtBS_;_RNvMNtNtCsitGFVNq7Ifu_4core3fmt2rtNtB2_8Argument3fmt;_RNvXs8_NtNtNtCsitGFVNq7Ifu_4core3fmt3num3impmNtB9_7Display3fmt;_RNvXsZ_NtCsdBofyk9Yr2t_5alloc6stringNtB5_6StringNtNtCsitGFVNq7Ifu_4core3fmt5Write9write_str
master	2	herdr::protocol::render_ansi::tests::ansi_instruments_probe::_$u7b$$u7b$closure$u7d$$u7d$;herdr::protocol::render_ansi::BlitEncoder::encode;herdr::protocol::render_ansi::BlitEncoder::encode_inner;herdr::protocol::render_ansi::write_cell;herdr::protocol::render_ansi::build_sgr;alloc::fmt::format::_$u7b$$u7b$closure$u7d$$u7d$;_RNvXs_NvNtNtCsitGFVNq7Ifu_4core3fmt5Write9write_fmtQNtNtCsdBofyk9Yr2t_5alloc6string6StringNtB4_12SpecWriteFmt14spec_write_fmtBS_;_RNvXs8_NtNtNtCsitGFVNq7Ifu_4core3fmt3num3impmNtB9_7Display3fmt
master	2	herdr::protocol::render_ansi::tests::ansi_instruments_probe::_$u7b$$u7b$closure$u7d$$u7d$;herdr::protocol::render_ansi::BlitEncoder::encode;herdr::protocol::render_ansi::BlitEncoder::encode_inner;herdr::protocol::render_ansi::write_cell;herdr::protocol::render_ansi::build_sgr;alloc::raw_vec::RawVecInner$LT$A$GT$::non_null
master	1	herdr::protocol::render_ansi::tests::ansi_instruments_probe::_$u7b$$u7b$closure$u7d$$u7d$;_RNvNtCsdBofyk9Yr2t_5alloc5alloc15dealloc_nonnull;xzm_segment_group_free_chunk;_xzm_segment_group_segment_span_free_coalesce;_xzm_segment_group_span_mark_used;_xzm_reclaim_mark_used;_xzm_reclaim_mark_used_locked;mach_vm_reclaim_try_cancel;mach_absolute_time
master	1	herdr::protocol::render_ansi::tests::ansi_instruments_probe::_$u7b$$u7b$closure$u7d$$u7d$;_RNvNtCsdBofyk9Yr2t_5alloc5alloc15dealloc_nonnull;xzm_segment_group_free_chunk;_xzm_segment_group_segment_span_free_coalesce;_xzm_segment_group_span_mark_used;_xzm_reclaim_mark_used;mach_vm_reclaim_update_kernel_accounting;mach_vm_reclaim_update_kernel_accounting_trap
master	1	herdr::protocol::render_ansi::tests::ansi_instruments_probe::_$u7b$$u7b$closure$u7d$$u7d$;herdr::protocol::render_ansi::BlitEncoder::encode;herdr::protocol::render_ansi::BlitEncoder::encode_inner;_RNvNtNtCsitGFVNq7Ifu_4core5slice5ascii15is_ascii_simple
master	1	herdr::protocol::render_ansi::tests::ansi_instruments_probe::_$u7b$$u7b$closure$u7d$$u7d$;herdr::protocol::render_ansi::BlitEncoder::encode;herdr::protocol::render_ansi::BlitEncoder::encode_inner;alloc::raw_vec::RawVecInner$LT$A$GT$::reserve
master	1	herdr::protocol::render_ansi::tests::ansi_instruments_probe::_$u7b$$u7b$closure$u7d$$u7d$;herdr::protocol::render_ansi::BlitEncoder::encode;herdr::protocol::render_ansi::BlitEncoder::encode_inner;alloc::raw_vec::RawVecInner$LT$A$GT$::reserve;alloc::raw_vec::RawVecInner$LT$A$GT$::grow_amortized;_RNvNtCsdBofyk9Yr2t_5alloc5alloc15realloc_nonnull;_realloc;_malloc_zone_realloc;xzm_realloc;_xzm_malloc_large_huge;xzm_segment_group_alloc_chunk;_xzm_segment_group_find_and_allocate_chunk;_xzm_segment_group_span_mark_smaller;_xzm_reclaim_mark_used_locked;mach_vm_reclaim_try_cancel;mach_absolute_time
master	1	herdr::protocol::render_ansi::tests::ansi_instruments_probe::_$u7b$$u7b$closure$u7d$$u7d$;herdr::protocol::render_ansi::BlitEncoder::encode;herdr::protocol::render_ansi::BlitEncoder::encode_inner;alloc::raw_vec::RawVecInner$LT$A$GT$::reserve;alloc::raw_vec::RawVecInner$LT$A$GT$::grow_amortized;_RNvNtCsdBofyk9Yr2t_5alloc5alloc15realloc_nonnull;_realloc;_malloc_zone_realloc;xzm_realloc;_xzm_malloc_large_huge;xzm_segment_group_alloc_chunk;_xzm_segment_group_find_and_allocate_chunk;_xzm_segment_group_span_mark_smaller;xzm_reclaim_mark_free_locked
master	1	herdr::protocol::render_ansi::tests::ansi_instruments_probe::_$u7b$$u7b$closure$u7d$$u7d$;herdr::protocol::render_ansi::BlitEncoder::encode;herdr::protocol::render_ansi::BlitEncoder::encode_inner;alloc::raw_vec::RawVecInner$LT$A$GT$::reserve;alloc::raw_vec::RawVecInner$LT$A$GT$::grow_amortized;_RNvNtCsdBofyk9Yr2t_5alloc5alloc15realloc_nonnull;_realloc;_malloc_zone_realloc;xzm_realloc;_xzm_xzone_free_freelist
master	1	herdr::protocol::render_ansi::tests::ansi_instruments_probe::_$u7b$$u7b$closure$u7d$$u7d$;herdr::protocol::render_ansi::BlitEncoder::encode;herdr::protocol::render_ansi::BlitEncoder::encode_inner;alloc::raw_vec::RawVecInner$LT$A$GT$::reserve;alloc::raw_vec::RawVecInner$LT$A$GT$::grow_amortized;_RNvNtCsdBofyk9Yr2t_5alloc5alloc15realloc_nonnull;_realloc;_malloc_zone_realloc;xzm_realloc;_xzm_xzone_malloc_freelist_outlined;_xzm_xzone_find_and_malloc_from_freelist_chunk;_xzm_xzone_malloc_from_empty_freelist_chunk
master	1	herdr::protocol::render_ansi::tests::ansi_instruments_probe::_$u7b$$u7b$closure$u7d$$u7d$;herdr::protocol::render_ansi::BlitEncoder::encode;herdr::protocol::render_ansi::BlitEncoder::encode_inner;core::slice::cmp::_$LT$impl$u20$core..cmp..PartialEq$LT$$u5b$U$u5d$$GT$$u20$for$u20$$u5b$T$u5d$$GT$::eq
master	1	herdr::protocol::render_ansi::tests::ansi_instruments_probe::_$u7b$$u7b$closure$u7d$$u7d$;herdr::protocol::render_ansi::BlitEncoder::encode;herdr::protocol::render_ansi::BlitEncoder::encode_inner;herdr::protocol::render_ansi::is_halfwidth_katakana_voiced_grapheme
master	1	herdr::protocol::render_ansi::tests::ansi_instruments_probe::_$u7b$$u7b$closure$u7d$$u7d$;herdr::protocol::render_ansi::BlitEncoder::encode;herdr::protocol::render_ansi::BlitEncoder::encode_inner;herdr::protocol::render_ansi::write_cell;_$LT$core..iter..adapters..map..Map$LT$I$C$F$GT$$u20$as$u20$core..iter..traits..iterator..Iterator$GT$::fold;_$LT$core..ptr..non_null..NonNull$LT$T$GT$$u20$as$u20$core..cmp..PartialEq$GT$::eq
master	1	herdr::protocol::render_ansi::tests::ansi_instruments_probe::_$u7b$$u7b$closure$u7d$$u7d$;herdr::protocol::render_ansi::BlitEncoder::encode;herdr::protocol::render_ansi::BlitEncoder::encode_inner;herdr::protocol::render_ansi::write_cell;_$LT$core..iter..adapters..map..Map$LT$I$C$F$GT$$u20$as$u20$core..iter..traits..iterator..Iterator$GT$::fold;core::ptr::write
master	1	herdr::protocol::render_ansi::tests::ansi_instruments_probe::_$u7b$$u7b$closure$u7d$$u7d$;herdr::protocol::render_ansi::BlitEncoder::encode;herdr::protocol::render_ansi::BlitEncoder::encode_inner;herdr::protocol::render_ansi::write_cell;_RNvMNtNtCsdBofyk9Yr2t_5alloc3vec15set_len_on_dropNtB2_12SetLenOnDrop3new
master	1	herdr::protocol::render_ansi::tests::ansi_instruments_probe::_$u7b$$u7b$closure$u7d$$u7d$;herdr::protocol::render_ansi::BlitEncoder::encode;herdr::protocol::render_ansi::BlitEncoder::encode_inner;herdr::protocol::render_ansi::write_cell;alloc::fmt::format::_$u7b$$u7b$closure$u7d$$u7d$;_RNvXs_NvNtNtCsitGFVNq7Ifu_4core3fmt5Write9write_fmtQNtNtCsdBofyk9Yr2t_5alloc6string6StringNtB4_12SpecWriteFmt14spec_write_fmtBS_;_RNvMNtNtCsitGFVNq7Ifu_4core3fmt2rtNtB2_8Argument3fmt;_RINvMs2_NtCsdBofyk9Yr2t_5alloc7raw_vecNtB6_11RawVecInner8non_nullhEB8_
master	1	herdr::protocol::render_ansi::tests::ansi_instruments_probe::_$u7b$$u7b$closure$u7d$$u7d$;herdr::protocol::render_ansi::BlitEncoder::encode;herdr::protocol::render_ansi::BlitEncoder::encode_inner;herdr::protocol::render_ansi::write_cell;alloc::fmt::format::_$u7b$$u7b$closure$u7d$$u7d$;_RNvXs_NvNtNtCsitGFVNq7Ifu_4core3fmt5Write9write_fmtQNtNtCsdBofyk9Yr2t_5alloc6string6StringNtB4_12SpecWriteFmt14spec_write_fmtBS_;_RNvMNtNtCsitGFVNq7Ifu_4core3fmt2rtNtB2_8Argument3fmt;_RINvNtCsitGFVNq7Ifu_4core3ptr19copy_nonoverlappinghECsdBofyk9Yr2t_5alloc;compiler_rt.memcpy.copyLessThan16
master	1	herdr::protocol::render_ansi::tests::ansi_instruments_probe::_$u7b$$u7b$closure$u7d$$u7d$;herdr::protocol::render_ansi::BlitEncoder::encode;herdr::protocol::render_ansi::BlitEncoder::encode_inner;herdr::protocol::render_ansi::write_cell;alloc::fmt::format::_$u7b$$u7b$closure$u7d$$u7d$;_RNvXs_NvNtNtCsitGFVNq7Ifu_4core3fmt5Write9write_fmtQNtNtCsdBofyk9Yr2t_5alloc6string6StringNtB4_12SpecWriteFmt14spec_write_fmtBS_;_RNvNtCsitGFVNq7Ifu_4core3fmt5write;_RINvMs2_NtCsdBofyk9Yr2t_5alloc7raw_vecNtB6_11RawVecInner8non_nullhEB8_
master	1	herdr::protocol::render_ansi::tests::ansi_instruments_probe::_$u7b$$u7b$closure$u7d$$u7d$;herdr::protocol::render_ansi::BlitEncoder::encode;herdr::protocol::render_ansi::BlitEncoder::encode_inner;herdr::protocol::render_ansi::write_cell;alloc::fmt::format::_$u7b$$u7b$closure$u7d$$u7d$;_RNvXs_NvNtNtCsitGFVNq7Ifu_4core3fmt5Write9write_fmtQNtNtCsdBofyk9Yr2t_5alloc6string6StringNtB4_12SpecWriteFmt14spec_write_fmtBS_;_RNvNtCsitGFVNq7Ifu_4core3fmt5write;_RNvMs2_NtCsdBofyk9Yr2t_5alloc7raw_vecNtB5_11RawVecInner7reserveB7_
master	1	herdr::protocol::render_ansi::tests::ansi_instruments_probe::_$u7b$$u7b$closure$u7d$$u7d$;herdr::protocol::render_ansi::BlitEncoder::encode;herdr::protocol::render_ansi::BlitEncoder::encode_inner;herdr::protocol::render_ansi::write_cell;alloc::fmt::format::_$u7b$$u7b$closure$u7d$$u7d$;_RNvXs_NvNtNtCsitGFVNq7Ifu_4core3fmt5Write9write_fmtQNtNtCsdBofyk9Yr2t_5alloc6string6StringNtB4_12SpecWriteFmt14spec_write_fmtBS_;_RNvNtCsitGFVNq7Ifu_4core3fmt5write;_RNvMs_NtCsdBofyk9Yr2t_5alloc3vecINtB4_3VechE7reserveB6_
master	1	herdr::protocol::render_ansi::tests::ansi_instruments_probe::_$u7b$$u7b$closure$u7d$$u7d$;herdr::protocol::render_ansi::BlitEncoder::encode;herdr::protocol::render_ansi::BlitEncoder::encode_inner;herdr::protocol::render_ansi::write_cell;alloc::fmt::format::_$u7b$$u7b$closure$u7d$$u7d$;_RNvXs_NvNtNtCsitGFVNq7Ifu_4core3fmt5Write9write_fmtQNtNtCsdBofyk9Yr2t_5alloc6string6StringNtB4_12SpecWriteFmt14spec_write_fmtBS_;_RNvNtCsitGFVNq7Ifu_4core3fmt5write;_RNvXsZ_NtCsdBofyk9Yr2t_5alloc6stringNtB5_6StringNtNtCsitGFVNq7Ifu_4core3fmt5Write9write_str
master	1	herdr::protocol::render_ansi::tests::ansi_instruments_probe::_$u7b$$u7b$closure$u7d$$u7d$;herdr::protocol::render_ansi::BlitEncoder::encode;herdr::protocol::render_ansi::BlitEncoder::encode_inner;herdr::protocol::render_ansi::write_cell;core::ptr::write
master	1	herdr::protocol::render_ansi::tests::ansi_instruments_probe::_$u7b$$u7b$closure$u7d$$u7d$;herdr::protocol::render_ansi::BlitEncoder::encode;herdr::protocol::render_ansi::BlitEncoder::encode_inner;herdr::protocol::render_ansi::write_cell;herdr::protocol::render_ansi::build_sgr;alloc::fmt::format::_$u7b$$u7b$closure$u7d$$u7d$;_RNvMs4_NtCsdBofyk9Yr2t_5alloc7raw_vecNtB5_11RawVecInner15try_allocate_inB7_
master	1	herdr::protocol::render_ansi::tests::ansi_instruments_probe::_$u7b$$u7b$closure$u7d$$u7d$;herdr::protocol::render_ansi::BlitEncoder::encode;herdr::protocol::render_ansi::BlitEncoder::encode_inner;herdr::protocol::render_ansi::write_cell;herdr::protocol::render_ansi::build_sgr;alloc::fmt::format::_$u7b$$u7b$closure$u7d$$u7d$;_RNvXs_NvNtNtCsitGFVNq7Ifu_4core3fmt5Write9write_fmtQNtNtCsdBofyk9Yr2t_5alloc6string6StringNtB4_12SpecWriteFmt14spec_write_fmtBS_;_RNvMNtNtCsitGFVNq7Ifu_4core3fmt2rtNtB2_8Argument3fmt;_RNvXs8_NtNtNtCsitGFVNq7Ifu_4core3fmt3num3impmNtB9_7Display3fmt;_RNvMs2_NtCsdBofyk9Yr2t_5alloc7raw_vecNtB5_11RawVecInner7reserveB7_;_RNvMs4_NtCsdBofyk9Yr2t_5alloc7raw_vecNtB5_11RawVecInner14grow_amortizedB7_;_RNvNtCsdBofyk9Yr2t_5alloc5alloc15realloc_nonnull;_realloc;_malloc_zone_realloc;default_zone_realloc
master	1	herdr::protocol::render_ansi::tests::ansi_instruments_probe::_$u7b$$u7b$closure$u7d$$u7d$;herdr::protocol::render_ansi::BlitEncoder::encode;herdr::protocol::render_ansi::BlitEncoder::encode_inner;herdr::protocol::render_ansi::write_cell;herdr::protocol::render_ansi::build_sgr;alloc::fmt::format::_$u7b$$u7b$closure$u7d$$u7d$;_RNvXs_NvNtNtCsitGFVNq7Ifu_4core3fmt5Write9write_fmtQNtNtCsdBofyk9Yr2t_5alloc6string6StringNtB4_12SpecWriteFmt14spec_write_fmtBS_;_RNvMNtNtCsitGFVNq7Ifu_4core3fmt2rtNtB2_8Argument3fmt;_RNvXs8_NtNtNtCsitGFVNq7Ifu_4core3fmt3num3impmNtB9_7Display3fmt;_RNvMs2_NtCsdBofyk9Yr2t_5alloc7raw_vecNtB5_11RawVecInner7reserveB7_;_RNvMs4_NtCsdBofyk9Yr2t_5alloc7raw_vecNtB5_11RawVecInner14grow_amortizedB7_;_realloc
master	1	herdr::protocol::render_ansi::tests::ansi_instruments_probe::_$u7b$$u7b$closure$u7d$$u7d$;herdr::protocol::render_ansi::BlitEncoder::encode;herdr::protocol::render_ansi::BlitEncoder::encode_inner;herdr::protocol::render_ansi::write_cell;herdr::protocol::render_ansi::build_sgr;alloc::fmt::format::_$u7b$$u7b$closure$u7d$$u7d$;_RNvXs_NvNtNtCsitGFVNq7Ifu_4core3fmt5Write9write_fmtQNtNtCsdBofyk9Yr2t_5alloc6string6StringNtB4_12SpecWriteFmt14spec_write_fmtBS_;_RNvMNtNtCsitGFVNq7Ifu_4core3fmt2rtNtB2_8Argument3fmt;_RNvXs8_NtNtNtCsitGFVNq7Ifu_4core3fmt3num3impmNtB9_7Display3fmt;_RNvMs9_NtCsitGFVNq7Ifu_4core3numj12wrapping_sub
master	1	herdr::protocol::render_ansi::tests::ansi_instruments_probe::_$u7b$$u7b$closure$u7d$$u7d$;herdr::protocol::render_ansi::BlitEncoder::encode;herdr::protocol::render_ansi::BlitEncoder::encode_inner;herdr::protocol::render_ansi::write_cell;herdr::protocol::render_ansi::build_sgr;alloc::fmt::format::_$u7b$$u7b$closure$u7d$$u7d$;_RNvXs_NvNtNtCsitGFVNq7Ifu_4core3fmt5Write9write_fmtQNtNtCsdBofyk9Yr2t_5alloc6string6StringNtB4_12SpecWriteFmt14spec_write_fmtBS_;_RNvMNtNtCsitGFVNq7Ifu_4core3fmt2rtNtB2_8Argument3fmt;_RNvXs8_NtNtNtCsitGFVNq7Ifu_4core3fmt3num3impmNtB9_7Display3fmt;_RNvXsp_NtCsitGFVNq7Ifu_4core6resultINtB5_6ResultuNtNtB7_3fmt5ErrorENtNtNtB7_3ops9try_trait3Try6branchB7_
master	1	herdr::protocol::render_ansi::tests::ansi_instruments_probe::_$u7b$$u7b$closure$u7d$$u7d$;herdr::protocol::render_ansi::BlitEncoder::encode;herdr::protocol::render_ansi::BlitEncoder::encode_inner;herdr::protocol::render_ansi::write_cell;herdr::protocol::render_ansi::build_sgr;alloc::fmt::format::_$u7b$$u7b$closure$u7d$$u7d$;_RNvXs_NvNtNtCsitGFVNq7Ifu_4core3fmt5Write9write_fmtQNtNtCsdBofyk9Yr2t_5alloc6string6StringNtB4_12SpecWriteFmt14spec_write_fmtBS_;_RNvMs4_NtCsitGFVNq7Ifu_4core3fmtNtB5_9Arguments6as_str
master	1	herdr::protocol::render_ansi::tests::ansi_instruments_probe::_$u7b$$u7b$closure$u7d$$u7d$;herdr::protocol::render_ansi::BlitEncoder::encode;herdr::protocol::render_ansi::BlitEncoder::encode_inner;herdr::protocol::render_ansi::write_cell;herdr::protocol::render_ansi::build_sgr;alloc::vec::Vec$LT$T$C$A$GT$::push_mut;_$LT$core..result..Result$LT$T$C$E$GT$$u20$as$u20$core..ops..try_trait..Try$GT$::branch
master	1	herdr::protocol::render_ansi::tests::ansi_instruments_probe::_$u7b$$u7b$closure$u7d$$u7d$;herdr::protocol::render_ansi::BlitEncoder::encode;herdr::protocol::render_ansi::BlitEncoder::encode_inner;herdr::protocol::render_ansi::write_cell;herdr::protocol::render_ansi::build_sgr;alloc::vec::Vec$LT$T$C$A$GT$::push_mut;alloc::raw_vec::RawVecInner$LT$A$GT$::grow_amortized;_RNvMNtCsdBofyk9Yr2t_5alloc5allocNtB2_6Global18alloc_impl_runtime;_RNvCs4SDFJOLwvtW_7___rustc35___rust_no_alloc_shim_is_unstable_v2
master	1	herdr::protocol::render_ansi::tests::ansi_instruments_probe::_$u7b$$u7b$closure$u7d$$u7d$;herdr::protocol::render_ansi::BlitEncoder::encode;herdr::protocol::render_ansi::BlitEncoder::encode_inner;herdr::protocol::render_ansi::write_cell;herdr::protocol::render_ansi::build_sgr;alloc::vec::Vec$LT$T$C$A$GT$::push_mut;alloc::raw_vec::RawVecInner$LT$A$GT$::grow_amortized;alloc::raw_vec::RawVecInner$LT$A$GT$::current_memory
master	1	herdr::protocol::render_ansi::tests::ansi_instruments_probe::_$u7b$$u7b$closure$u7d$$u7d$;herdr::protocol::render_ansi::BlitEncoder::encode;herdr::protocol::render_ansi::BlitEncoder::encode_inner;memcmp
master	1	herdr::protocol::render_ansi::tests::ansi_instruments_probe::_$u7b$$u7b$closure$u7d$$u7d$;herdr::protocol::render_ansi::BlitEncoder::encode;herdr::protocol::render_ansi::BlitEncoder::encode_inner;std::io::default_write_fmt;_RNvMNtNtCsitGFVNq7Ifu_4core3fmt2rtNtB2_8Argument3fmt;_RNvMsa_NtCsitGFVNq7Ifu_4core3fmtNtB5_9Formatter12pad_integral
master	1	herdr::protocol::render_ansi::tests::ansi_instruments_probe::_$u7b$$u7b$closure$u7d$$u7d$;herdr::protocol::render_ansi::BlitEncoder::encode;herdr::protocol::render_ansi::BlitEncoder::encode_inner;std::io::default_write_fmt;_RNvMNtNtCsitGFVNq7Ifu_4core3fmt2rtNtB2_8Argument3fmt;_RNvXs3_NtNtNtCsitGFVNq7Ifu_4core3fmt3num3imptNtB9_7Display3fmt
master	1	herdr::protocol::render_ansi::tests::ansi_instruments_probe::_$u7b$$u7b$closure$u7d$$u7d$;herdr::protocol::render_ansi::BlitEncoder::encode;herdr::protocol::render_ansi::BlitEncoder::encode_inner;std::io::default_write_fmt;_RNvNtCsitGFVNq7Ifu_4core3fmt5write;core::ptr::copy_nonoverlapping;compiler_rt.memcpy.copyLessThan16
candidate	781	herdr::protocol::render_ansi::tests::ansi_instruments_probe::_$u7b$$u7b$closure$u7d$$u7d$;herdr::protocol::render_ansi::BlitEncoder::encode;herdr::protocol::render_ansi::BlitEncoder::encode_inner;herdr::protocol::render_ansi::write_cell;herdr::protocol::render_ansi::write_sgr;alloc::raw_vec::RawVecInner$LT$A$GT$::capacity
candidate	534	herdr::protocol::render_ansi::tests::ansi_instruments_probe::_$u7b$$u7b$closure$u7d$$u7d$;herdr::protocol::render_ansi::BlitEncoder::encode;herdr::protocol::render_ansi::BlitEncoder::encode_inner;herdr::protocol::render_ansi::write_cell;herdr::protocol::render_ansi::write_sgr;herdr::protocol::render_ansi::write_u8_decimal
candidate	532	herdr::protocol::render_ansi::tests::ansi_instruments_probe::_$u7b$$u7b$closure$u7d$$u7d$;herdr::protocol::render_ansi::BlitEncoder::encode;herdr::protocol::render_ansi::BlitEncoder::encode_inner;herdr::protocol::render_ansi::write_cell;alloc::raw_vec::RawVecInner$LT$A$GT$::capacity
candidate	491	herdr::protocol::render_ansi::tests::ansi_instruments_probe::_$u7b$$u7b$closure$u7d$$u7d$;herdr::protocol::render_ansi::BlitEncoder::encode;herdr::protocol::render_ansi::BlitEncoder::encode_inner;herdr::protocol::render_ansi::write_changed_cells
candidate	487	herdr::protocol::render_ansi::tests::ansi_instruments_probe::_$u7b$$u7b$closure$u7d$$u7d$;herdr::protocol::render_ansi::BlitEncoder::encode;herdr::protocol::render_ansi::BlitEncoder::encode_inner;herdr::protocol::render_ansi::SgrStyleKey::from_cell
candidate	454	herdr::protocol::render_ansi::tests::ansi_instruments_probe::_$u7b$$u7b$closure$u7d$$u7d$;herdr::protocol::render_ansi::BlitEncoder::encode;herdr::protocol::render_ansi::BlitEncoder::encode_inner;herdr::protocol::render_ansi::write_cell;herdr::protocol::render_ansi::write_sgr;herdr::protocol::render_ansi::write_sgr_colour
candidate	385	herdr::protocol::render_ansi::tests::ansi_instruments_probe::_$u7b$$u7b$closure$u7d$$u7d$;herdr::protocol::render_ansi::BlitEncoder::encode;herdr::protocol::render_ansi::BlitEncoder::encode_inner;herdr::protocol::render_ansi::write_cell
candidate	333	herdr::protocol::render_ansi::tests::ansi_instruments_probe::_$u7b$$u7b$closure$u7d$$u7d$;herdr::protocol::render_ansi::BlitEncoder::encode;herdr::protocol::render_ansi::BlitEncoder::encode_inner;herdr::protocol::render_ansi::write_cell;herdr::protocol::render_ansi::write_sgr_modifiers
candidate	318	herdr::protocol::render_ansi::tests::ansi_instruments_probe::_$u7b$$u7b$closure$u7d$$u7d$;herdr::protocol::render_ansi::BlitEncoder::encode;herdr::protocol::render_ansi::BlitEncoder::encode_inner;herdr::protocol::render_ansi::write_cell;herdr::protocol::render_ansi::write_sgr_colour
candidate	303	herdr::protocol::render_ansi::tests::ansi_instruments_probe::_$u7b$$u7b$closure$u7d$$u7d$;herdr::protocol::render_ansi::BlitEncoder::encode;herdr::protocol::render_ansi::BlitEncoder::encode_inner;herdr::protocol::render_ansi::SgrColour::from_packed
candidate	240	herdr::protocol::render_ansi::tests::ansi_instruments_probe::_$u7b$$u7b$closure$u7d$$u7d$;herdr::protocol::render_ansi::BlitEncoder::encode;herdr::protocol::render_ansi::BlitEncoder::encode_inner;herdr::protocol::render_ansi::write_cell;herdr::protocol::render_ansi::write_sgr;alloc::vec::Vec$LT$T$C$A$GT$::append_elements
candidate	224	herdr::protocol::render_ansi::tests::ansi_instruments_probe::_$u7b$$u7b$closure$u7d$$u7d$;herdr::protocol::render_ansi::BlitEncoder::encode;herdr::protocol::render_ansi::BlitEncoder::encode_inner;_$LT$A$u20$as$u20$core..slice..cmp..SlicePartialEq$LT$B$GT$$GT$::equal_same_length;memcmp
candidate	175	herdr::protocol::render_ansi::tests::ansi_instruments_probe::_$u7b$$u7b$closure$u7d$$u7d$;herdr::protocol::render_ansi::BlitEncoder::encode;herdr::protocol::render_ansi::BlitEncoder::encode_inner;_RNvMs4_NtCsitGFVNq7Ifu_4core3numh16is_ascii_control
candidate	134	herdr::protocol::render_ansi::tests::ansi_instruments_probe::_$u7b$$u7b$closure$u7d$$u7d$;herdr::protocol::render_ansi::BlitEncoder::encode;herdr::protocol::render_ansi::BlitEncoder::encode_inner;_$LT$core..ops..range..Range$LT$T$GT$$u20$as$u20$core..iter..range..RangeIteratorImpl$GT$::spec_next
candidate	132	herdr::protocol::render_ansi::tests::ansi_instruments_probe::_$u7b$$u7b$closure$u7d$$u7d$;herdr::protocol::render_ansi::BlitEncoder::encode;herdr::protocol::render_ansi::BlitEncoder::encode_inner;herdr::protocol::render_ansi::write_sgr
candidate	121	herdr::protocol::render_ansi::tests::ansi_instruments_probe::_$u7b$$u7b$closure$u7d$$u7d$;herdr::protocol::render_ansi::BlitEncoder::encode;herdr::protocol::render_ansi::BlitEncoder::encode_inner;herdr::protocol::render_ansi::write_cell;herdr::protocol::render_ansi::write_hyperlink_if_changed
candidate	120	herdr::protocol::render_ansi::tests::ansi_instruments_probe::_$u7b$$u7b$closure$u7d$$u7d$;herdr::protocol::render_ansi::BlitEncoder::encode;herdr::protocol::render_ansi::BlitEncoder::encode_inner;_$LT$core..option..Option$LT$T$GT$$u20$as$u20$core..ops..try_trait..Try$GT$::branch
candidate	120	herdr::protocol::render_ansi::tests::ansi_instruments_probe::_$u7b$$u7b$closure$u7d$$u7d$;herdr::protocol::render_ansi::BlitEncoder::encode;herdr::protocol::render_ansi::BlitEncoder::encode_inner;alloc::raw_vec::RawVecInner$LT$A$GT$::non_null
candidate	118	herdr::protocol::render_ansi::tests::ansi_instruments_probe::_$u7b$$u7b$closure$u7d$$u7d$;herdr::protocol::render_ansi::BlitEncoder::encode;herdr::protocol::render_ansi::BlitEncoder::encode_inner;core::ptr::copy_nonoverlapping;compiler_rt.memcpy.copyLessThan16
candidate	114	herdr::protocol::render_ansi::tests::ansi_instruments_probe::_$u7b$$u7b$closure$u7d$$u7d$;herdr::protocol::render_ansi::BlitEncoder::encode;herdr::protocol::render_ansi::BlitEncoder::encode_inner;herdr::protocol::render_ansi::write_hyperlink_if_changed
candidate	112	herdr::protocol::render_ansi::tests::ansi_instruments_probe::_$u7b$$u7b$closure$u7d$$u7d$;herdr::protocol::render_ansi::BlitEncoder::encode;herdr::protocol::render_ansi::BlitEncoder::encode_inner;herdr::protocol::render_ansi::write_cell;herdr::protocol::render_ansi::write_sgr
candidate	108	herdr::protocol::render_ansi::tests::ansi_instruments_probe::_$u7b$$u7b$closure$u7d$$u7d$;herdr::protocol::render_ansi::BlitEncoder::encode;herdr::protocol::render_ansi::BlitEncoder::encode_inner;herdr::protocol::render_ansi::write_cell;core::ptr::copy_nonoverlapping;compiler_rt.memcpy.copyFixedLength
candidate	103	herdr::protocol::render_ansi::tests::ansi_instruments_probe::_$u7b$$u7b$closure$u7d$$u7d$;herdr::protocol::render_ansi::BlitEncoder::encode;herdr::protocol::render_ansi::BlitEncoder::encode_inner;herdr::protocol::render_ansi::write_cell;alloc::vec::Vec$LT$T$C$A$GT$::reserve
candidate	101	herdr::protocol::render_ansi::tests::ansi_instruments_probe::_$u7b$$u7b$closure$u7d$$u7d$;herdr::protocol::render_ansi::BlitEncoder::encode;herdr::protocol::render_ansi::BlitEncoder::encode_inner;alloc::raw_vec::RawVecInner$LT$A$GT$::capacity
candidate	96	herdr::protocol::render_ansi::tests::ansi_instruments_probe::_$u7b$$u7b$closure$u7d$$u7d$;herdr::protocol::render_ansi::BlitEncoder::encode;herdr::protocol::render_ansi::BlitEncoder::encode_inner;core::ptr::copy_nonoverlapping;compiler_rt.memcpy.copySmallLength
candidate	95	herdr::protocol::render_ansi::tests::ansi_instruments_probe::_$u7b$$u7b$closure$u7d$$u7d$;herdr::protocol::render_ansi::BlitEncoder::encode;herdr::protocol::render_ansi::BlitEncoder::encode_inner;_RNvMs9_NtCsitGFVNq7Ifu_4core3numj14saturating_sub
candidate	94	herdr::protocol::render_ansi::tests::ansi_instruments_probe::_$u7b$$u7b$closure$u7d$$u7d$;herdr::protocol::render_ansi::BlitEncoder::encode;herdr::protocol::render_ansi::BlitEncoder::encode_inner;herdr::protocol::render_ansi::write_cell;core::ptr::copy_nonoverlapping;compiler_rt.memcpy.copySmallLength
candidate	82	herdr::protocol::render_ansi::tests::ansi_instruments_probe::_$u7b$$u7b$closure$u7d$$u7d$;herdr::protocol::render_ansi::BlitEncoder::encode;herdr::protocol::render_ansi::BlitEncoder::encode_inner;herdr::protocol::render_ansi::write_cell;herdr::protocol::wire::underline_style_from_modifier
candidate	78	herdr::protocol::render_ansi::tests::ansi_instruments_probe::_$u7b$$u7b$closure$u7d$$u7d$;herdr::protocol::render_ansi::BlitEncoder::encode;herdr::protocol::render_ansi::BlitEncoder::encode_inner;_RNvMs4_NtCsitGFVNq7Ifu_4core3numh8is_ascii
candidate	76	herdr::protocol::render_ansi::tests::ansi_instruments_probe::_$u7b$$u7b$closure$u7d$$u7d$;herdr::protocol::render_ansi::BlitEncoder::encode;herdr::protocol::render_ansi::BlitEncoder::encode_inner;herdr::protocol::render_ansi::write_cell;herdr::protocol::render_ansi::write_sgr;_RNvXs14_NtNtCsitGFVNq7Ifu_4core7convert3numjINtB8_4FromhE4from
candidate	74	herdr::protocol::render_ansi::tests::ansi_instruments_probe::_$u7b$$u7b$closure$u7d$$u7d$;herdr::protocol::render_ansi::BlitEncoder::encode;herdr::protocol::render_ansi::BlitEncoder::encode_inner;herdr::protocol::render_ansi::write_cell;herdr::protocol::render_ansi::write_sgr;core::ptr::copy_nonoverlapping;compiler_rt.memcpy.copyLessThan16
candidate	61	herdr::protocol::render_ansi::tests::ansi_instruments_probe::_$u7b$$u7b$closure$u7d$$u7d$;herdr::protocol::render_ansi::BlitEncoder::encode;herdr::protocol::render_ansi::BlitEncoder::encode_inner;herdr::protocol::render_ansi::write_cell;herdr::protocol::render_ansi::write_sgr;alloc::raw_vec::RawVecInner$LT$A$GT$::reserve
candidate	60	herdr::protocol::render_ansi::tests::ansi_instruments_probe::_$u7b$$u7b$closure$u7d$$u7d$;herdr::protocol::render_ansi::BlitEncoder::encode;herdr::protocol::render_ansi::BlitEncoder::encode_inner;herdr::protocol::render_ansi::write_cell;herdr::protocol::render_ansi::write_sgr;core::ptr::copy_nonoverlapping;compiler_rt.memcpy.copySmallLength
candidate	55	herdr::protocol::render_ansi::tests::ansi_instruments_probe::_$u7b$$u7b$closure$u7d$$u7d$;herdr::protocol::render_ansi::BlitEncoder::encode;herdr::protocol::render_ansi::BlitEncoder::encode_inner;herdr::protocol::render_ansi::write_cell;herdr::protocol::render_ansi::write_sgr;core::ptr::copy_nonoverlapping;compiler_rt.memcpy.copyFixedLength
candidate	46	herdr::protocol::render_ansi::tests::ansi_instruments_probe::_$u7b$$u7b$closure$u7d$$u7d$;herdr::protocol::render_ansi::BlitEncoder::encode;herdr::protocol::render_ansi::BlitEncoder::encode_inner;herdr::protocol::render_ansi::write_cell;_RNvMs9_NtCsitGFVNq7Ifu_4core3numj12wrapping_sub
candidate	30	herdr::protocol::render_ansi::tests::ansi_instruments_probe::_$u7b$$u7b$closure$u7d$$u7d$;herdr::protocol::render_ansi::BlitEncoder::encode;herdr::protocol::render_ansi::BlitEncoder::encode_inner;herdr::protocol::render_ansi::write_cell;herdr::protocol::render_ansi::write_sgr;core::ptr::copy_nonoverlapping;compiler_rt.memcpy.copyRange4
candidate	25	herdr::protocol::render_ansi::tests::ansi_instruments_probe::_$u7b$$u7b$closure$u7d$$u7d$;herdr::protocol::render_ansi::BlitEncoder::encode;herdr::protocol::render_ansi::BlitEncoder::encode_inner;herdr::protocol::render_ansi::write_cell;herdr::protocol::render_ansi::write_sgr;alloc::raw_vec::RawVecInner$LT$A$GT$::reserve;alloc::raw_vec::RawVecInner$LT$A$GT$::grow_amortized;_RNvNtCsdBofyk9Yr2t_5alloc5alloc15realloc_nonnull;_realloc;_malloc_zone_realloc;xzm_realloc;_platform_memmove
candidate	19	herdr::protocol::render_ansi::tests::ansi_instruments_probe::_$u7b$$u7b$closure$u7d$$u7d$;herdr::protocol::render_ansi::BlitEncoder::encode;herdr::protocol::render_ansi::BlitEncoder::encode_inner;alloc::vec::Vec$LT$T$C$A$GT$::append_elements
candidate	19	herdr::protocol::render_ansi::tests::ansi_instruments_probe::_$u7b$$u7b$closure$u7d$$u7d$;herdr::protocol::render_ansi::BlitEncoder::encode;herdr::protocol::render_ansi::BlitEncoder::encode_inner;herdr::protocol::render_ansi::write_cell;core::option::Option$LT$T$GT$::as_ref
candidate	18	herdr::protocol::render_ansi::tests::ansi_instruments_probe::_$u7b$$u7b$closure$u7d$$u7d$;herdr::protocol::render_ansi::BlitEncoder::encode;herdr::protocol::render_ansi::BlitEncoder::encode_inner;herdr::protocol::render_ansi::write_cell;alloc::raw_vec::RawVecInner$LT$A$GT$::reserve;alloc::raw_vec::RawVecInner$LT$A$GT$::grow_amortized;_RNvNtCsdBofyk9Yr2t_5alloc5alloc15realloc_nonnull;_realloc;_malloc_zone_realloc;xzm_realloc;xzm_segment_group_try_realloc_large_chunk;_xzm_segment_group_span_mark_smaller;mach_vm_reclaim_update_kernel_accounting;mach_vm_reclaim_update_kernel_accounting_trap
candidate	18	herdr::protocol::render_ansi::tests::ansi_instruments_probe::_$u7b$$u7b$closure$u7d$$u7d$;herdr::protocol::render_ansi::BlitEncoder::encode;herdr::protocol::render_ansi::BlitEncoder::encode_inner;herdr::protocol::render_ansi::write_cell;core::ptr::copy_nonoverlapping;compiler_rt.memcpy.copyLessThan16
candidate	14	herdr::protocol::render_ansi::tests::ansi_instruments_probe::_$u7b$$u7b$closure$u7d$$u7d$;herdr::protocol::render_ansi::BlitEncoder::encode;herdr::protocol::render_ansi::BlitEncoder::encode_inner;herdr::protocol::render_ansi::write_cell;alloc::raw_vec::RawVecInner$LT$A$GT$::reserve;alloc::raw_vec::RawVecInner$LT$A$GT$::grow_amortized;_RNvNtCsdBofyk9Yr2t_5alloc5alloc15realloc_nonnull;_realloc;_malloc_zone_realloc;xzm_realloc;_platform_memmove
candidate	12	herdr::protocol::render_ansi::tests::ansi_instruments_probe::_$u7b$$u7b$closure$u7d$$u7d$;herdr::protocol::render_ansi::BlitEncoder::encode;herdr::protocol::render_ansi::BlitEncoder::encode_inner;_RNvNvNtNtCsitGFVNq7Ifu_4core5slice5ascii8is_ascii7runtime
candidate	12	herdr::protocol::render_ansi::tests::ansi_instruments_probe::_$u7b$$u7b$closure$u7d$$u7d$;herdr::protocol::render_ansi::BlitEncoder::encode;herdr::protocol::render_ansi::BlitEncoder::encode_inner;herdr::protocol::render_ansi::cells_visually_equal
candidate	12	herdr::protocol::render_ansi::tests::ansi_instruments_probe::_$u7b$$u7b$closure$u7d$$u7d$;herdr::protocol::render_ansi::BlitEncoder::encode;herdr::protocol::render_ansi::BlitEncoder::encode_inner;herdr::protocol::render_ansi::write_cell;herdr::protocol::render_ansi::write_sgr;_RNvMs9_NtCsitGFVNq7Ifu_4core3numj12wrapping_sub
candidate	10	herdr::protocol::render_ansi::tests::ansi_instruments_probe::_$u7b$$u7b$closure$u7d$$u7d$;_RNvNtCsdBofyk9Yr2t_5alloc5alloc15dealloc_nonnull;xzm_segment_group_free_chunk;_xzm_segment_group_span_mark_free;_xzm_reclaim_mark_free;mach_vm_reclaim_update_kernel_accounting;mach_vm_reclaim_update_kernel_accounting_trap
candidate	10	herdr::protocol::render_ansi::tests::ansi_instruments_probe::_$u7b$$u7b$closure$u7d$$u7d$;herdr::protocol::render_ansi::BlitEncoder::encode;herdr::protocol::render_ansi::BlitEncoder::encode_inner;herdr::protocol::render_ansi::write_cell;herdr::protocol::render_ansi::write_sgr;core::ptr::copy_nonoverlapping
candidate	10	herdr::protocol::render_ansi::tests::ansi_instruments_probe::_$u7b$$u7b$closure$u7d$$u7d$;herdr::protocol::render_ansi::BlitEncoder::encode;herdr::protocol::render_ansi::BlitEncoder::encode_inner;herdr::protocol::wire::underline_style_from_modifier
candidate	7	herdr::protocol::render_ansi::tests::ansi_instruments_probe::_$u7b$$u7b$closure$u7d$$u7d$;herdr::protocol::render_ansi::BlitEncoder::encode;herdr::protocol::render_ansi::BlitEncoder::encode_inner;herdr::protocol::render_ansi::write_cell;herdr::protocol::render_ansi::write_sgr;alloc::raw_vec::RawVecInner$LT$A$GT$::reserve;alloc::raw_vec::RawVecInner$LT$A$GT$::grow_amortized;_RNvNtCsdBofyk9Yr2t_5alloc5alloc15realloc_nonnull;_realloc;_malloc_zone_realloc;xzm_realloc;_xzm_free;mach_absolute_time
candidate	6	herdr::protocol::render_ansi::tests::ansi_instruments_probe::_$u7b$$u7b$closure$u7d$$u7d$;herdr::protocol::render_ansi::BlitEncoder::encode;herdr::protocol::render_ansi::BlitEncoder::encode_inner;herdr::protocol::render_ansi::SgrModifier::canonical
candidate	5	herdr::protocol::render_ansi::tests::ansi_instruments_probe::_$u7b$$u7b$closure$u7d$$u7d$;herdr::protocol::render_ansi::BlitEncoder::encode;herdr::protocol::render_ansi::BlitEncoder::encode_inner;_RNvNtNtCsitGFVNq7Ifu_4core5slice5ascii15is_ascii_simple
candidate	5	herdr::protocol::render_ansi::tests::ansi_instruments_probe::_$u7b$$u7b$closure$u7d$$u7d$;herdr::protocol::render_ansi::BlitEncoder::encode;herdr::protocol::render_ansi::BlitEncoder::encode_inner;herdr::protocol::render_ansi::write_cell;herdr::protocol::render_ansi::write_sgr;alloc::raw_vec::RawVecInner$LT$A$GT$::reserve;alloc::raw_vec::RawVecInner$LT$A$GT$::grow_amortized;_RNvNtCsdBofyk9Yr2t_5alloc5alloc15realloc_nonnull;_realloc;_malloc_zone_realloc;xzm_realloc;xzm_segment_group_try_realloc_large_chunk;_xzm_segment_group_span_mark_smaller;_xzm_reclaim_mark_used_locked;mach_vm_reclaim_try_cancel;mach_absolute_time
candidate	5	herdr::protocol::render_ansi::tests::ansi_instruments_probe::_$u7b$$u7b$closure$u7d$$u7d$;herdr::protocol::render_ansi::BlitEncoder::encode;herdr::protocol::render_ansi::BlitEncoder::encode_inner;std::io::default_write_fmt;_RNvMNtNtCsitGFVNq7Ifu_4core3fmt2rtNtB2_8Argument3fmt;_RNvMsa_NtCsitGFVNq7Ifu_4core3fmtNtB5_9Formatter12pad_integral
candidate	4	herdr::protocol::render_ansi::tests::ansi_instruments_probe::_$u7b$$u7b$closure$u7d$$u7d$;_RNvNtCsdBofyk9Yr2t_5alloc5alloc15dealloc_nonnull;xzm_segment_group_free_chunk;_xzm_segment_group_segment_span_free_coalesce;_xzm_segment_group_span_mark_used;_xzm_reclaim_mark_used;mach_vm_reclaim_update_kernel_accounting;mach_vm_reclaim_update_kernel_accounting_trap
candidate	4	herdr::protocol::render_ansi::tests::ansi_instruments_probe::_$u7b$$u7b$closure$u7d$$u7d$;herdr::protocol::render_ansi::BlitEncoder::encode;herdr::protocol::render_ansi::BlitEncoder::encode_inner;alloc::vec::Vec$LT$T$C$A$GT$::as_slice
candidate	4	herdr::protocol::render_ansi::tests::ansi_instruments_probe::_$u7b$$u7b$closure$u7d$$u7d$;herdr::protocol::render_ansi::BlitEncoder::encode;herdr::protocol::render_ansi::BlitEncoder::encode_inner;herdr::protocol::render_ansi::write_cell;alloc::raw_vec::RawVecInner$LT$A$GT$::non_null
candidate	4	herdr::protocol::render_ansi::tests::ansi_instruments_probe::_$u7b$$u7b$closure$u7d$$u7d$;herdr::protocol::render_ansi::BlitEncoder::encode;herdr::protocol::render_ansi::BlitEncoder::encode_inner;herdr::protocol::render_ansi::write_cell;alloc::raw_vec::RawVecInner$LT$A$GT$::reserve;alloc::raw_vec::RawVecInner$LT$A$GT$::grow_amortized;_RNvNtCsdBofyk9Yr2t_5alloc5alloc15realloc_nonnull;_realloc;_malloc_zone_realloc;xzm_realloc;xzm_segment_group_try_realloc_large_chunk;_xzm_segment_group_span_mark_smaller;_xzm_reclaim_mark_used_locked;mach_vm_reclaim_try_cancel;mach_absolute_time
candidate	4	herdr::protocol::render_ansi::tests::ansi_instruments_probe::_$u7b$$u7b$closure$u7d$$u7d$;herdr::protocol::render_ansi::BlitEncoder::encode;herdr::protocol::render_ansi::BlitEncoder::encode_inner;herdr::protocol::render_ansi::write_cell;core::ptr::copy_nonoverlapping;compiler_rt.memcpy.copyRange4
candidate	4	herdr::protocol::render_ansi::tests::ansi_instruments_probe::_$u7b$$u7b$closure$u7d$$u7d$;herdr::protocol::render_ansi::BlitEncoder::encode;herdr::protocol::render_ansi::BlitEncoder::encode_inner;herdr::protocol::render_ansi::write_cell;herdr::protocol::render_ansi::write_sgr;alloc::raw_vec::RawVecInner$LT$A$GT$::reserve;alloc::raw_vec::RawVecInner$LT$A$GT$::grow_amortized;_RNvNtCsdBofyk9Yr2t_5alloc5alloc15realloc_nonnull;_realloc;_malloc_zone_realloc;xzm_realloc
candidate	4	herdr::protocol::render_ansi::tests::ansi_instruments_probe::_$u7b$$u7b$closure$u7d$$u7d$;herdr::protocol::render_ansi::BlitEncoder::encode;herdr::protocol::render_ansi::BlitEncoder::encode_inner;memcmp
candidate	4	herdr::protocol::render_ansi::tests::ansi_instruments_probe::_$u7b$$u7b$closure$u7d$$u7d$;herdr::protocol::render_ansi::BlitEncoder::encode;herdr::protocol::render_ansi::BlitEncoder::encode_inner;std::io::default_write_fmt;_RNvMNtNtCsitGFVNq7Ifu_4core3fmt2rtNtB2_8Argument3fmt;_RNvXs3_NtNtNtCsitGFVNq7Ifu_4core3fmt3num3imptNtB9_7Display3fmt
candidate	4	herdr::protocol::render_ansi::tests::ansi_instruments_probe::_$u7b$$u7b$closure$u7d$$u7d$;herdr::protocol::render_ansi::BlitEncoder::encode;herdr::protocol::render_ansi::BlitEncoder::encode_inner;std::io::default_write_fmt;_RNvMNtNtCsitGFVNq7Ifu_4core3fmt2rtNtB2_8Argument3fmt;_RNvXs3_NtNtNtCsitGFVNq7Ifu_4core3fmt3num3imptNtB9_7Display3fmt;_RNvMsa_NtCsitGFVNq7Ifu_4core3fmtNtB5_9Formatter12pad_integral
candidate	3	herdr::protocol::render_ansi::tests::ansi_instruments_probe::_$u7b$$u7b$closure$u7d$$u7d$;_RNvNtCsdBofyk9Yr2t_5alloc5alloc15dealloc_nonnull;xzm_segment_group_free_chunk;_xzm_segment_group_segment_span_free_coalesce;_xzm_segment_group_span_mark_used;_xzm_reclaim_mark_used;_xzm_reclaim_mark_used_locked;mach_vm_reclaim_try_cancel;mach_absolute_time
candidate	3	herdr::protocol::render_ansi::tests::ansi_instruments_probe::_$u7b$$u7b$closure$u7d$$u7d$;_RNvNtCsdBofyk9Yr2t_5alloc5alloc15dealloc_nonnull;xzm_segment_group_free_chunk;_xzm_segment_group_span_mark_free;_xzm_reclaim_mark_free;xzm_reclaim_mark_free_locked;mach_vm_reclaim_try_enter;mach_absolute_time
candidate	3	herdr::protocol::render_ansi::tests::ansi_instruments_probe::_$u7b$$u7b$closure$u7d$$u7d$;herdr::protocol::render_ansi::BlitEncoder::encode;herdr::protocol::render_ansi::BlitEncoder::encode_inner;alloc::raw_vec::RawVecInner$LT$A$GT$::reserve;alloc::raw_vec::RawVecInner$LT$A$GT$::grow_amortized;_RNvNtCsdBofyk9Yr2t_5alloc5alloc15realloc_nonnull;_realloc;_malloc_zone_realloc;xzm_realloc
candidate	3	herdr::protocol::render_ansi::tests::ansi_instruments_probe::_$u7b$$u7b$closure$u7d$$u7d$;herdr::protocol::render_ansi::BlitEncoder::encode;herdr::protocol::render_ansi::BlitEncoder::encode_inner;herdr::protocol::render_ansi::cell_width
candidate	3	herdr::protocol::render_ansi::tests::ansi_instruments_probe::_$u7b$$u7b$closure$u7d$$u7d$;herdr::protocol::render_ansi::BlitEncoder::encode;herdr::protocol::render_ansi::BlitEncoder::encode_inner;herdr::protocol::render_ansi::write_cell;alloc::raw_vec::RawVecInner$LT$A$GT$::reserve;alloc::raw_vec::RawVecInner$LT$A$GT$::grow_amortized;_RNvNtCsdBofyk9Yr2t_5alloc5alloc15realloc_nonnull;_realloc;_malloc_zone_realloc;xzm_realloc
candidate	3	herdr::protocol::render_ansi::tests::ansi_instruments_probe::_$u7b$$u7b$closure$u7d$$u7d$;herdr::protocol::render_ansi::BlitEncoder::encode;herdr::protocol::render_ansi::BlitEncoder::encode_inner;std::io::default_write_fmt;_$LT$std..io..default_write_fmt..Adapter$LT$T$GT$$u20$as$u20$core..fmt..Write$GT$::write_str
candidate	3	herdr::protocol::render_ansi::tests::ansi_instruments_probe::_$u7b$$u7b$closure$u7d$$u7d$;herdr::protocol::render_ansi::BlitEncoder::encode;herdr::protocol::render_ansi::BlitEncoder::encode_inner;std::io::default_write_fmt;_RNvMNtNtCsitGFVNq7Ifu_4core3fmt2rtNtB2_8Argument3fmt;_RNvXs3_NtNtNtCsitGFVNq7Ifu_4core3fmt3num3imptNtB9_7Display3fmt;alloc::raw_vec::RawVecInner$LT$A$GT$::capacity
candidate	2	herdr::protocol::render_ansi::tests::ansi_instruments_probe::_$u7b$$u7b$closure$u7d$$u7d$;_RNvNtCsdBofyk9Yr2t_5alloc5alloc15dealloc_nonnull;xzm_segment_group_free_chunk;_xzm_segment_group_span_mark_free;_xzm_reclaim_mark_free;mach_vm_reclaim_update_kernel_accounting;mach_absolute_time
candidate	2	herdr::protocol::render_ansi::tests::ansi_instruments_probe::_$u7b$$u7b$closure$u7d$$u7d$;herdr::protocol::render_ansi::BlitEncoder::encode;herdr::protocol::render_ansi::BlitEncoder::encode_inner;_$LT$core..option..Option$LT$T$GT$$u20$as$u20$core..cmp..PartialEq$GT$::eq
candidate	2	herdr::protocol::render_ansi::tests::ansi_instruments_probe::_$u7b$$u7b$closure$u7d$$u7d$;herdr::protocol::render_ansi::BlitEncoder::encode;herdr::protocol::render_ansi::BlitEncoder::encode_inner;_RNvMs9_NtCsitGFVNq7Ifu_4core3numj12wrapping_sub
candidate	2	herdr::protocol::render_ansi::tests::ansi_instruments_probe::_$u7b$$u7b$closure$u7d$$u7d$;herdr::protocol::render_ansi::BlitEncoder::encode;herdr::protocol::render_ansi::BlitEncoder::encode_inner;alloc::raw_vec::RawVecInner$LT$A$GT$::reserve
candidate	2	herdr::protocol::render_ansi::tests::ansi_instruments_probe::_$u7b$$u7b$closure$u7d$$u7d$;herdr::protocol::render_ansi::BlitEncoder::encode;herdr::protocol::render_ansi::BlitEncoder::encode_inner;alloc::raw_vec::RawVecInner$LT$A$GT$::reserve;alloc::raw_vec::RawVecInner$LT$A$GT$::grow_amortized;_RNvNtCsdBofyk9Yr2t_5alloc5alloc15realloc_nonnull;_realloc;_malloc_zone_realloc;xzm_realloc;_xzm_free;mach_absolute_time
candidate	2	herdr::protocol::render_ansi::tests::ansi_instruments_probe::_$u7b$$u7b$closure$u7d$$u7d$;herdr::protocol::render_ansi::BlitEncoder::encode;herdr::protocol::render_ansi::BlitEncoder::encode_inner;herdr::protocol::render_ansi::write_cell;alloc::raw_vec::RawVecInner$LT$A$GT$::reserve;alloc::raw_vec::RawVecInner$LT$A$GT$::reserve::do_reserve_and_handle
candidate	2	herdr::protocol::render_ansi::tests::ansi_instruments_probe::_$u7b$$u7b$closure$u7d$$u7d$;herdr::protocol::render_ansi::BlitEncoder::encode;herdr::protocol::render_ansi::BlitEncoder::encode_inner;herdr::protocol::render_ansi::write_cell;herdr::protocol::render_ansi::write_sgr;alloc::raw_vec::RawVecInner$LT$A$GT$::non_null
candidate	2	herdr::protocol::render_ansi::tests::ansi_instruments_probe::_$u7b$$u7b$closure$u7d$$u7d$;herdr::protocol::render_ansi::BlitEncoder::encode;herdr::protocol::render_ansi::BlitEncoder::encode_inner;herdr::protocol::render_ansi::write_cell;herdr::protocol::render_ansi::write_sgr;alloc::vec::Vec$LT$T$C$A$GT$::reserve
candidate	2	herdr::protocol::render_ansi::tests::ansi_instruments_probe::_$u7b$$u7b$closure$u7d$$u7d$;herdr::protocol::render_ansi::BlitEncoder::encode;herdr::protocol::render_ansi::BlitEncoder::encode_inner;std::io::default_write_fmt;_RNvMNtNtCsitGFVNq7Ifu_4core3fmt2rtNtB2_8Argument3fmt;_RNvXs3_NtNtNtCsitGFVNq7Ifu_4core3fmt3num3imptNtB9_7Display3fmt;_RNvNvMsa_NtCsitGFVNq7Ifu_4core3fmtNtB7_9Formatter12pad_integral12write_prefix
candidate	2	herdr::protocol::render_ansi::tests::ansi_instruments_probe::_$u7b$$u7b$closure$u7d$$u7d$;herdr::protocol::render_ansi::BlitEncoder::encode;herdr::protocol::render_ansi::BlitEncoder::encode_inner;std::io::default_write_fmt;_RNvMNtNtCsitGFVNq7Ifu_4core3fmt2rtNtB2_8Argument3fmt;_RNvXs3_NtNtNtCsitGFVNq7Ifu_4core3fmt3num3imptNtB9_7Display3fmt;core::ptr::copy_nonoverlapping;compiler_rt.memcpy.copyLessThan16
candidate	2	herdr::protocol::render_ansi::tests::ansi_instruments_probe::_$u7b$$u7b$closure$u7d$$u7d$;herdr::protocol::render_ansi::BlitEncoder::encode;herdr::protocol::render_ansi::BlitEncoder::encode_inner;std::io::default_write_fmt;_RNvNtCsitGFVNq7Ifu_4core3fmt5write
candidate	2	herdr::protocol::render_ansi::tests::ansi_instruments_probe::_$u7b$$u7b$closure$u7d$$u7d$;herdr::protocol::render_ansi::BlitEncoder::encode;herdr::protocol::render_ansi::BlitEncoder::encode_inner;std::io::default_write_fmt;_RNvNtCsitGFVNq7Ifu_4core3fmt5write;alloc::vec::Vec$LT$T$C$A$GT$::append_elements
candidate	1	herdr::protocol::render_ansi::tests::ansi_instruments_probe::_$u7b$$u7b$closure$u7d$$u7d$;_RNvNtCsdBofyk9Yr2t_5alloc5alloc15dealloc_nonnull;_xzm_free_outlined
candidate	1	herdr::protocol::render_ansi::tests::ansi_instruments_probe::_$u7b$$u7b$closure$u7d$$u7d$;herdr::protocol::render_ansi::BlitEncoder::encode;herdr::protocol::render_ansi::BlitEncoder::encode_inner;_$LT$usize$u20$as$u20$core..slice..index..SliceIndex$LT$$u5b$T$u5d$$GT$$GT$::index
candidate	1	herdr::protocol::render_ansi::tests::ansi_instruments_probe::_$u7b$$u7b$closure$u7d$$u7d$;herdr::protocol::render_ansi::BlitEncoder::encode;herdr::protocol::render_ansi::BlitEncoder::encode_inner;core::ptr::drop_in_place$LT$core..result..Result$LT$$LP$$RP$$C$std..io..error..Error$GT$$GT$
candidate	1	herdr::protocol::render_ansi::tests::ansi_instruments_probe::_$u7b$$u7b$closure$u7d$$u7d$;herdr::protocol::render_ansi::BlitEncoder::encode;herdr::protocol::render_ansi::BlitEncoder::encode_inner;herdr::protocol::render_ansi::write_cell;alloc::raw_vec::RawVecInner$LT$A$GT$::reserve;alloc::raw_vec::RawVecInner$LT$A$GT$::grow_amortized;_RNvNtCsdBofyk9Yr2t_5alloc5alloc15realloc_nonnull;_RNvXNtNtNtCscEX5ZwinSox_3std3sys5alloc4unixNtNtB8_5alloc6SystemNtNtNtCsitGFVNq7Ifu_4core5alloc6global11GlobalAlloc7realloc
candidate	1	herdr::protocol::render_ansi::tests::ansi_instruments_probe::_$u7b$$u7b$closure$u7d$$u7d$;herdr::protocol::render_ansi::BlitEncoder::encode;herdr::protocol::render_ansi::BlitEncoder::encode_inner;herdr::protocol::render_ansi::write_cell;alloc::raw_vec::RawVecInner$LT$A$GT$::reserve;alloc::raw_vec::RawVecInner$LT$A$GT$::grow_amortized;_RNvNtCsdBofyk9Yr2t_5alloc5alloc15realloc_nonnull;_realloc;_malloc_zone_realloc;xzm_realloc;<deduplicated_symbol>
candidate	1	herdr::protocol::render_ansi::tests::ansi_instruments_probe::_$u7b$$u7b$closure$u7d$$u7d$;herdr::protocol::render_ansi::BlitEncoder::encode;herdr::protocol::render_ansi::BlitEncoder::encode_inner;herdr::protocol::render_ansi::write_cell;alloc::raw_vec::RawVecInner$LT$A$GT$::reserve;alloc::raw_vec::RawVecInner$LT$A$GT$::grow_amortized;_RNvNtCsdBofyk9Yr2t_5alloc5alloc15realloc_nonnull;_realloc;_malloc_zone_realloc;xzm_realloc;_xzm_xzone_free_freelist;mach_absolute_time
candidate	1	herdr::protocol::render_ansi::tests::ansi_instruments_probe::_$u7b$$u7b$closure$u7d$$u7d$;herdr::protocol::render_ansi::BlitEncoder::encode;herdr::protocol::render_ansi::BlitEncoder::encode_inner;herdr::protocol::render_ansi::write_cell;alloc::raw_vec::RawVecInner$LT$A$GT$::reserve;alloc::raw_vec::RawVecInner$LT$A$GT$::grow_amortized;_RNvNtCsdBofyk9Yr2t_5alloc5alloc15realloc_nonnull;_realloc;_malloc_zone_realloc;xzm_realloc;xzm_segment_group_try_realloc_large_chunk;_xzm_segment_group_span_mark_smaller;_xzm_reclaim_mark_used_locked;mach_vm_reclaim_try_cancel
candidate	1	herdr::protocol::render_ansi::tests::ansi_instruments_probe::_$u7b$$u7b$closure$u7d$$u7d$;herdr::protocol::render_ansi::BlitEncoder::encode;herdr::protocol::render_ansi::BlitEncoder::encode_inner;herdr::protocol::render_ansi::write_cell;alloc::raw_vec::RawVecInner$LT$A$GT$::reserve;alloc::raw_vec::RawVecInner$LT$A$GT$::grow_amortized;_RNvNtCsdBofyk9Yr2t_5alloc5alloc15realloc_nonnull;_realloc;_malloc_zone_realloc;xzm_realloc;xzm_segment_group_try_realloc_large_chunk;_xzm_segment_group_span_mark_smaller;mach_vm_reclaim_update_kernel_accounting;mach_absolute_time
candidate	1	herdr::protocol::render_ansi::tests::ansi_instruments_probe::_$u7b$$u7b$closure$u7d$$u7d$;herdr::protocol::render_ansi::BlitEncoder::encode;herdr::protocol::render_ansi::BlitEncoder::encode_inner;herdr::protocol::render_ansi::write_cell;alloc::raw_vec::RawVecInner$LT$A$GT$::reserve;alloc::raw_vec::RawVecInner$LT$A$GT$::grow_amortized;_RNvNtCsdBofyk9Yr2t_5alloc5alloc15realloc_nonnull;_realloc;xzm_malloc_zone_size
candidate	1	herdr::protocol::render_ansi::tests::ansi_instruments_probe::_$u7b$$u7b$closure$u7d$$u7d$;herdr::protocol::render_ansi::BlitEncoder::encode;herdr::protocol::render_ansi::BlitEncoder::encode_inner;herdr::protocol::render_ansi::write_cell;alloc::vec::Vec$LT$T$C$A$GT$::append_elements
candidate	1	herdr::protocol::render_ansi::tests::ansi_instruments_probe::_$u7b$$u7b$closure$u7d$$u7d$;herdr::protocol::render_ansi::BlitEncoder::encode;herdr::protocol::render_ansi::BlitEncoder::encode_inner;herdr::protocol::render_ansi::write_cell;herdr::protocol::render_ansi::write_sgr;alloc::raw_vec::RawVecInner$LT$A$GT$::reserve;alloc::raw_vec::RawVecInner$LT$A$GT$::grow_amortized;_RNvNtCsdBofyk9Yr2t_5alloc5alloc15realloc_nonnull;DYLD-STUB$$realloc
candidate	1	herdr::protocol::render_ansi::tests::ansi_instruments_probe::_$u7b$$u7b$closure$u7d$$u7d$;herdr::protocol::render_ansi::BlitEncoder::encode;herdr::protocol::render_ansi::BlitEncoder::encode_inner;herdr::protocol::render_ansi::write_cell;herdr::protocol::render_ansi::write_sgr;alloc::raw_vec::RawVecInner$LT$A$GT$::reserve;alloc::raw_vec::RawVecInner$LT$A$GT$::grow_amortized;_RNvNtCsdBofyk9Yr2t_5alloc5alloc15realloc_nonnull;_realloc;_malloc_zone_realloc
candidate	1	herdr::protocol::render_ansi::tests::ansi_instruments_probe::_$u7b$$u7b$closure$u7d$$u7d$;herdr::protocol::render_ansi::BlitEncoder::encode;herdr::protocol::render_ansi::BlitEncoder::encode_inner;herdr::protocol::render_ansi::write_cell;herdr::protocol::render_ansi::write_sgr;alloc::raw_vec::RawVecInner$LT$A$GT$::reserve;alloc::raw_vec::RawVecInner$LT$A$GT$::grow_amortized;_RNvNtCsdBofyk9Yr2t_5alloc5alloc15realloc_nonnull;_realloc;_malloc_zone_realloc;xzm_realloc;_xzm_free
candidate	1	herdr::protocol::render_ansi::tests::ansi_instruments_probe::_$u7b$$u7b$closure$u7d$$u7d$;herdr::protocol::render_ansi::BlitEncoder::encode;herdr::protocol::render_ansi::BlitEncoder::encode_inner;herdr::protocol::render_ansi::write_cell;herdr::protocol::render_ansi::write_sgr;alloc::raw_vec::RawVecInner$LT$A$GT$::reserve;alloc::raw_vec::RawVecInner$LT$A$GT$::grow_amortized;_RNvNtCsdBofyk9Yr2t_5alloc5alloc15realloc_nonnull;_realloc;_malloc_zone_realloc;xzm_realloc;_xzm_malloc_large_huge
candidate	1	herdr::protocol::render_ansi::tests::ansi_instruments_probe::_$u7b$$u7b$closure$u7d$$u7d$;herdr::protocol::render_ansi::BlitEncoder::encode;herdr::protocol::render_ansi::BlitEncoder::encode_inner;herdr::protocol::render_ansi::write_cell;herdr::protocol::render_ansi::write_sgr;alloc::raw_vec::RawVecInner$LT$A$GT$::reserve;alloc::raw_vec::RawVecInner$LT$A$GT$::grow_amortized;_RNvNtCsdBofyk9Yr2t_5alloc5alloc15realloc_nonnull;_realloc;_malloc_zone_realloc;xzm_realloc;_xzm_malloc_large_huge;xzm_segment_group_alloc_chunk
candidate	1	herdr::protocol::render_ansi::tests::ansi_instruments_probe::_$u7b$$u7b$closure$u7d$$u7d$;herdr::protocol::render_ansi::BlitEncoder::encode;herdr::protocol::render_ansi::BlitEncoder::encode_inner;herdr::protocol::render_ansi::write_cell;herdr::protocol::render_ansi::write_sgr;alloc::raw_vec::RawVecInner$LT$A$GT$::reserve;alloc::raw_vec::RawVecInner$LT$A$GT$::grow_amortized;_RNvNtCsdBofyk9Yr2t_5alloc5alloc15realloc_nonnull;_realloc;_malloc_zone_realloc;xzm_realloc;_xzm_malloc_large_huge;xzm_segment_group_alloc_chunk;_xzm_segment_group_alloc_segment;_xzm_segment_group_init_segment
candidate	1	herdr::protocol::render_ansi::tests::ansi_instruments_probe::_$u7b$$u7b$closure$u7d$$u7d$;herdr::protocol::render_ansi::BlitEncoder::encode;herdr::protocol::render_ansi::BlitEncoder::encode_inner;herdr::protocol::render_ansi::write_cell;herdr::protocol::render_ansi::write_sgr;alloc::raw_vec::RawVecInner$LT$A$GT$::reserve;alloc::raw_vec::RawVecInner$LT$A$GT$::grow_amortized;_RNvNtCsdBofyk9Yr2t_5alloc5alloc15realloc_nonnull;_realloc;_malloc_zone_realloc;xzm_realloc;_xzm_xzone_free_freelist;mach_absolute_time
candidate	1	herdr::protocol::render_ansi::tests::ansi_instruments_probe::_$u7b$$u7b$closure$u7d$$u7d$;herdr::protocol::render_ansi::BlitEncoder::encode;herdr::protocol::render_ansi::BlitEncoder::encode_inner;herdr::protocol::render_ansi::write_cell;herdr::protocol::render_ansi::write_sgr;alloc::raw_vec::RawVecInner$LT$A$GT$::reserve;alloc::raw_vec::RawVecInner$LT$A$GT$::grow_amortized;_RNvNtCsdBofyk9Yr2t_5alloc5alloc15realloc_nonnull;_realloc;_malloc_zone_realloc;xzm_realloc;_xzm_xzone_malloc
candidate	1	herdr::protocol::render_ansi::tests::ansi_instruments_probe::_$u7b$$u7b$closure$u7d$$u7d$;herdr::protocol::render_ansi::BlitEncoder::encode;herdr::protocol::render_ansi::BlitEncoder::encode_inner;herdr::protocol::render_ansi::write_cell;herdr::protocol::render_ansi::write_sgr;alloc::raw_vec::RawVecInner$LT$A$GT$::reserve;alloc::raw_vec::RawVecInner$LT$A$GT$::grow_amortized;_RNvNtCsdBofyk9Yr2t_5alloc5alloc15realloc_nonnull;_realloc;_malloc_zone_realloc;xzm_realloc;_xzm_xzone_malloc_tiny
candidate	1	herdr::protocol::render_ansi::tests::ansi_instruments_probe::_$u7b$$u7b$closure$u7d$$u7d$;herdr::protocol::render_ansi::BlitEncoder::encode;herdr::protocol::render_ansi::BlitEncoder::encode_inner;herdr::protocol::render_ansi::write_cell;herdr::protocol::render_ansi::write_sgr;alloc::raw_vec::RawVecInner$LT$A$GT$::reserve;alloc::raw_vec::RawVecInner$LT$A$GT$::grow_amortized;_RNvNtCsdBofyk9Yr2t_5alloc5alloc15realloc_nonnull;_realloc;_malloc_zone_realloc;xzm_realloc;xzm_segment_group_try_realloc_large_chunk;_xzm_segment_group_segment_span_free
candidate	1	herdr::protocol::render_ansi::tests::ansi_instruments_probe::_$u7b$$u7b$closure$u7d$$u7d$;herdr::protocol::render_ansi::BlitEncoder::encode;herdr::protocol::render_ansi::BlitEncoder::encode_inner;herdr::protocol::render_ansi::write_cell;herdr::protocol::render_ansi::write_sgr;alloc::raw_vec::RawVecInner$LT$A$GT$::reserve;alloc::raw_vec::RawVecInner$LT$A$GT$::grow_amortized;_RNvNtCsdBofyk9Yr2t_5alloc5alloc15realloc_nonnull;_realloc;_malloc_zone_realloc;xzm_realloc;xzm_segment_group_try_realloc_large_chunk;_xzm_segment_group_span_mark_smaller;xzm_reclaim_mark_free_locked;mach_vm_reclaim_try_enter;mach_absolute_time
candidate	1	herdr::protocol::render_ansi::tests::ansi_instruments_probe::_$u7b$$u7b$closure$u7d$$u7d$;herdr::protocol::render_ansi::BlitEncoder::encode;herdr::protocol::render_ansi::BlitEncoder::encode_inner;std::io::default_write_fmt
candidate	1	herdr::protocol::render_ansi::tests::ansi_instruments_probe::_$u7b$$u7b$closure$u7d$$u7d$;herdr::protocol::render_ansi::BlitEncoder::encode;herdr::protocol::render_ansi::BlitEncoder::encode_inner;std::io::default_write_fmt;_RNvMNtNtCsitGFVNq7Ifu_4core3fmt2rtNtB2_8Argument3fmt;_$LT$std..io..default_write_fmt..Adapter$LT$T$GT$$u20$as$u20$core..fmt..Write$GT$::write_str
candidate	1	herdr::protocol::render_ansi::tests::ansi_instruments_probe::_$u7b$$u7b$closure$u7d$$u7d$;herdr::protocol::render_ansi::BlitEncoder::encode;herdr::protocol::render_ansi::BlitEncoder::encode_inner;std::io::default_write_fmt;_RNvMNtNtCsitGFVNq7Ifu_4core3fmt2rtNtB2_8Argument3fmt;_RNvMs1_NtNtCsitGFVNq7Ifu_4core3mem12maybe_uninitINtB5_11MaybeUninithE5writeB9_
candidate	1	herdr::protocol::render_ansi::tests::ansi_instruments_probe::_$u7b$$u7b$closure$u7d$$u7d$;herdr::protocol::render_ansi::BlitEncoder::encode;herdr::protocol::render_ansi::BlitEncoder::encode_inner;std::io::default_write_fmt;_RNvMNtNtCsitGFVNq7Ifu_4core3fmt2rtNtB2_8Argument3fmt;_RNvMs5_NtNtNtCsitGFVNq7Ifu_4core3fmt3num3impt10__fmt_inner
candidate	1	herdr::protocol::render_ansi::tests::ansi_instruments_probe::_$u7b$$u7b$closure$u7d$$u7d$;herdr::protocol::render_ansi::BlitEncoder::encode;herdr::protocol::render_ansi::BlitEncoder::encode_inner;std::io::default_write_fmt;_RNvMNtNtCsitGFVNq7Ifu_4core3fmt2rtNtB2_8Argument3fmt;_RNvXs3_NtNtNtCsitGFVNq7Ifu_4core3fmt3num3imptNtB9_7Display3fmt;_RNvMsa_NtCsitGFVNq7Ifu_4core3fmtNtB5_9Formatter12pad_integral;_RNvNvMsa_NtCsitGFVNq7Ifu_4core3fmtNtB7_9Formatter12pad_integral12write_prefix
candidate	1	herdr::protocol::render_ansi::tests::ansi_instruments_probe::_$u7b$$u7b$closure$u7d$$u7d$;herdr::protocol::render_ansi::BlitEncoder::encode;herdr::protocol::render_ansi::BlitEncoder::encode_inner;std::io::default_write_fmt;_RNvMNtNtCsitGFVNq7Ifu_4core3fmt2rtNtB2_8Argument3fmt;_RNvXs3_NtNtNtCsitGFVNq7Ifu_4core3fmt3num3imptNtB9_7Display3fmt;_RNvXsp_NtCsitGFVNq7Ifu_4core6resultINtB5_6ResultuNtNtB7_3fmt5ErrorENtNtNtB7_3ops9try_trait3Try6branchB7_
candidate	1	herdr::protocol::render_ansi::tests::ansi_instruments_probe::_$u7b$$u7b$closure$u7d$$u7d$;herdr::protocol::render_ansi::BlitEncoder::encode;herdr::protocol::render_ansi::BlitEncoder::encode_inner;std::io::default_write_fmt;_RNvMNtNtCsitGFVNq7Ifu_4core3fmt2rtNtB2_8Argument3fmt;_RNvXs3_NtNtNtCsitGFVNq7Ifu_4core3fmt3num3imptNtB9_7Display3fmt;alloc::raw_vec::RawVecInner$LT$A$GT$::reserve
candidate	1	herdr::protocol::render_ansi::tests::ansi_instruments_probe::_$u7b$$u7b$closure$u7d$$u7d$;herdr::protocol::render_ansi::BlitEncoder::encode;herdr::protocol::render_ansi::BlitEncoder::encode_inner;std::io::default_write_fmt;_RNvMs1_NtNtCsitGFVNq7Ifu_4core3ptr8non_nullINtB5_7NonNullhE3addB9_
candidate	1	herdr::protocol::render_ansi::tests::ansi_instruments_probe::_$u7b$$u7b$closure$u7d$$u7d$;herdr::protocol::render_ansi::BlitEncoder::encode;herdr::protocol::render_ansi::BlitEncoder::encode_inner;std::io::default_write_fmt;_RNvNtCsitGFVNq7Ifu_4core3fmt5write;core::ptr::copy_nonoverlapping;compiler_rt.memcpy.copyLessThan16
candidate	1	herdr::protocol::render_ansi::tests::ansi_instruments_probe::_$u7b$$u7b$closure$u7d$$u7d$;herdr::protocol::render_ansi::tests::ansi_instruments_probe;_RNvMs0_NtNtNtCscEX5ZwinSox_3std3sys4time4unixNtB5_7Instant3now;_RNvMNtNtNtNtCscEX5ZwinSox_3std3sys3pal4unix4timeNtB2_8Timespec3now;clock_gettime;clock_gettime_nsec_np;mach_absolute_time
candidate	1	herdr::protocol::render_ansi::tests::ansi_instruments_probe::_$u7b$$u7b$closure$u7d$$u7d$;std::fs::metadata;_RNvNtNtNtCscEX5ZwinSox_3std3sys2fs4unix4stat;stat
